seed,human_reward,lambda_target,target_human_assignments,status,objective_cp_sat,adjusted_objective_manual,total_cost_without_reward,reward_term,squared_target_penalty_term,start_time_cost,assignment_cost,workload,ergonomic,human_assignments,distance_from_target,squared_deviation,machine_assignments,robot_assignments,num_selected_operations,wall_seconds,num_binary_variables,jobs,machines,operations,workers,robots,resources,planning_horizon
2001,0.0,0.0,4,OPTIMAL,44.8,44.800000000000004,44.800000000000004,0.0,0.0,4.6000000000000005,40.2,0.0,0.0,0,4,16,16,0,16,2.1232829093933105,9072,4,4,16,3,2,9,63
2001,0.0,0.1,4,OPTIMAL,46.4,46.400000000000006,44.800000000000004,0.0,1.6,4.6000000000000005,40.2,0.0,0.0,0,4,16,16,0,16,2.30550217628479,9072,4,4,16,3,2,9,63
2001,0.0,0.25,4,OPTIMAL,48.75,48.75000000000001,46.50000000000001,0.0,2.25,4.5,40.400000000000006,1.0,0.6,1,3,9,15,0,16,2.358323812484741,9072,4,4,16,3,2,9,63
2001,0.0,0.5,4,OPTIMAL,50.35,50.35,48.35,0.0,2.0,4.35,40.8,2.0,1.2,2,2,4,14,0,16,2.2894630432128906,9072,4,4,16,3,2,9,63
2001,0.0,1.0,4,OPTIMAL,51.35,51.35,50.35,0.0,1.0,4.45,41.1,3.0,1.7999999999999998,3,1,1,13,0,16,2.248029947280884,9072,4,4,16,3,2,9,63
2001,0.0,2.0,4,OPTIMAL,52.35,52.35,50.35,0.0,2.0,4.45,41.1,3.0,1.7999999999999998,3,1,1,13,0,16,2.2389581203460693,9072,4,4,16,3,2,9,63
2001,0.0,3.0,4,OPTIMAL,52.6,52.60000000000001,52.60000000000001,0.0,0.0,4.300000000000001,41.300000000000004,4.0,3.0,4,0,0,12,0,16,2.2868947982788086,9072,4,4,16,3,2,9,63
2001,1.0,0.0,4,OPTIMAL,44.8,44.800000000000004,44.800000000000004,0.0,0.0,4.6000000000000005,40.2,0.0,0.0,0,4,16,16,0,16,2.1245131492614746,9072,4,4,16,3,2,9,63
2001,1.0,0.1,4,OPTIMAL,46.4,46.400000000000006,44.800000000000004,0.0,1.6,4.6000000000000005,40.2,0.0,0.0,0,4,16,16,0,16,2.2451939582824707,9072,4,4,16,3,2,9,63
2001,1.0,0.25,4,OPTIMAL,47.35,47.35,48.35,2.0,1.0,4.35,40.8,2.0,1.2,2,2,4,14,0,16,2.284074068069458,9072,4,4,16,3,2,9,63
2001,1.0,0.5,4,OPTIMAL,47.85,47.849999999999994,50.349999999999994,3.0,0.5,4.25,41.3,3.0,1.7999999999999998,3,1,1,13,0,16,2.2223448753356934,9072,4,4,16,3,2,9,63
2001,1.0,1.0,4,OPTIMAL,48.35,48.349999999999994,50.349999999999994,3.0,1.0,4.25,41.3,3.0,1.7999999999999998,3,1,1,13,0,16,2.26460599899292,9072,4,4,16,3,2,9,63
2001,1.0,2.0,4,OPTIMAL,48.6,48.60000000000001,52.60000000000001,4.0,0.0,4.300000000000001,41.300000000000004,4.0,3.0,4,0,0,12,0,16,2.286176919937134,9072,4,4,16,3,2,9,63
2001,1.0,3.0,4,OPTIMAL,48.6,48.60000000000001,52.60000000000001,4.0,0.0,4.300000000000001,41.300000000000004,4.0,3.0,4,0,0,12,0,16,2.2531723976135254,9072,4,4,16,3,2,9,63
2001,2.0,0.0,4,OPTIMAL,44.35,44.349999999999994,50.349999999999994,6.0,0.0,4.25,41.3,3.0,1.7999999999999998,3,1,1,13,0,16,2.125494956970215,9072,4,4,16,3,2,9,63
2001,2.0,0.1,4,OPTIMAL,44.45,44.449999999999996,50.349999999999994,6.0,0.1,4.25,41.3,3.0,1.7999999999999998,3,1,1,13,0,16,2.196711778640747,9072,4,4,16,3,2,9,63
2001,2.0,0.25,4,OPTIMAL,44.6,44.599999999999994,50.349999999999994,6.0,0.25,4.25,41.3,3.0,1.7999999999999998,3,1,1,13,0,16,2.2071022987365723,9072,4,4,16,3,2,9,63
2001,2.0,0.5,4,OPTIMAL,44.6,44.60000000000001,52.60000000000001,8.0,0.0,4.300000000000001,41.300000000000004,4.0,3.0,4,0,0,12,0,16,2.1859488487243652,9072,4,4,16,3,2,9,63
2001,2.0,1.0,4,OPTIMAL,44.6,44.60000000000001,52.60000000000001,8.0,0.0,4.300000000000001,41.300000000000004,4.0,3.0,4,0,0,12,0,16,2.161500930786133,9072,4,4,16,3,2,9,63
2001,2.0,2.0,4,OPTIMAL,44.6,44.60000000000001,52.60000000000001,8.0,0.0,4.300000000000001,41.300000000000004,4.0,3.0,4,0,0,12,0,16,2.164655923843384,9072,4,4,16,3,2,9,63
2001,2.0,3.0,4,OPTIMAL,44.6,44.60000000000001,52.60000000000001,8.0,0.0,4.300000000000001,41.300000000000004,4.0,3.0,4,0,0,12,0,16,2.2038068771362305,9072,4,4,16,3,2,9,63
2001,2.5,0.0,4,OPTIMAL,42.6,42.60000000000001,52.60000000000001,10.0,0.0,4.300000000000001,41.300000000000004,4.0,3.0,4,0,0,12,0,16,2.136996030807495,9072,4,4,16,3,2,9,63
2001,2.5,0.1,4,OPTIMAL,42.6,42.60000000000001,52.60000000000001,10.0,0.0,4.300000000000001,41.300000000000004,4.0,3.0,4,0,0,12,0,16,2.163102865219116,9072,4,4,16,3,2,9,63
2001,2.5,0.25,4,OPTIMAL,42.6,42.60000000000001,52.60000000000001,10.0,0.0,4.300000000000001,41.300000000000004,4.0,3.0,4,0,0,12,0,16,2.2166171073913574,9072,4,4,16,3,2,9,63
2001,2.5,0.5,4,OPTIMAL,42.6,42.60000000000001,52.60000000000001,10.0,0.0,4.300000000000001,41.300000000000004,4.0,3.0,4,0,0,12,0,16,2.224583864212036,9072,4,4,16,3,2,9,63
2001,2.5,1.0,4,OPTIMAL,42.6,42.60000000000001,52.60000000000001,10.0,0.0,4.300000000000001,41.300000000000004,4.0,3.0,4,0,0,12,0,16,2.1892831325531006,9072,4,4,16,3,2,9,63
2001,2.5,2.0,4,OPTIMAL,42.6,42.60000000000001,52.60000000000001,10.0,0.0,4.300000000000001,41.300000000000004,4.0,3.0,4,0,0,12,0,16,2.1660380363464355,9072,4,4,16,3,2,9,63
2001,2.5,3.0,4,OPTIMAL,42.6,42.60000000000001,52.60000000000001,10.0,0.0,4.300000000000001,41.300000000000004,4.0,3.0,4,0,0,12,0,16,2.1594250202178955,9072,4,4,16,3,2,9,63
2001,3.0,0.0,4,OPTIMAL,39.35,39.35000000000001,69.35000000000001,30.0,0.0,4.65,43.400000000000006,12.0,9.299999999999999,10,6,36,6,0,16,2.1622493267059326,9072,4,4,16,3,2,9,63
2001,3.0,0.1,4,OPTIMAL,40.05,40.050000000000004,57.650000000000006,18.0,0.4,4.3500000000000005,41.900000000000006,6.0,5.3999999999999995,6,2,4,10,0,16,2.22644305229187,9072,4,4,16,3,2,9,63
2001,3.0,0.25,4,OPTIMAL,40.4,40.400000000000006,55.150000000000006,15.0,0.25,4.25,41.400000000000006,5.0,4.5,5,1,1,11,0,16,2.2344231605529785,9072,4,4,16,3,2,9,63
2001,3.0,0.5,4,OPTIMAL,40.6,40.60000000000001,52.60000000000001,12.0,0.0,4.300000000000001,41.300000000000004,4.0,3.0,4,0,0,12,0,16,2.245568037033081,9072,4,4,16,3,2,9,63
2001,3.0,1.0,4,OPTIMAL,40.6,40.60000000000001,52.60000000000001,12.0,0.0,4.300000000000001,41.300000000000004,4.0,3.0,4,0,0,12,0,16,2.260241985321045,9072,4,4,16,3,2,9,63
2001,3.0,2.0,4,OPTIMAL,40.6,40.60000000000001,52.60000000000001,12.0,0.0,4.300000000000001,41.300000000000004,4.0,3.0,4,0,0,12,0,16,2.2277660369873047,9072,4,4,16,3,2,9,63
2001,3.0,3.0,4,OPTIMAL,40.6,40.60000000000001,52.60000000000001,12.0,0.0,4.300000000000001,41.300000000000004,4.0,3.0,4,0,0,12,0,16,2.25429105758667,9072,4,4,16,3,2,9,63
2002,0.0,0.0,4,OPTIMAL,44.15,44.15,44.15,0.0,0.0,3.75,40.4,0.0,0.0,0,4,16,16,0,16,2.0680389404296875,9072,4,4,16,3,2,9,63
2002,0.0,0.1,4,OPTIMAL,45.75,45.75,44.15,0.0,1.6,3.75,40.4,0.0,0.0,0,4,16,16,0,16,2.0921452045440674,9072,4,4,16,3,2,9,63
2002,0.0,0.25,4,OPTIMAL,48.15,48.15,44.15,0.0,4.0,3.75,40.4,0.0,0.0,0,4,16,16,0,16,2.176939010620117,9072,4,4,16,3,2,9,63
2002,0.0,0.5,4,OPTIMAL,50.15,50.15,48.15,0.0,2.0,3.75,41.199999999999996,2.0,1.2,2,2,4,14,0,16,2.1716458797454834,9072,4,4,16,3,2,9,63
2002,0.0,1.0,4,OPTIMAL,51.35,51.34999999999999,50.34999999999999,0.0,1.0,3.75,41.29999999999999,3.5,1.7999999999999998,3,1,1,13,0,16,2.1838061809539795,9072,4,4,16,3,2,9,63
2002,0.0,2.0,4,OPTIMAL,52.35,52.34999999999999,50.34999999999999,0.0,2.0,3.75,41.29999999999999,3.5,1.7999999999999998,3,1,1,13,0,16,2.206716299057007,9072,4,4,16,3,2,9,63
2002,0.0,3.0,4,OPTIMAL,52.65,52.64999999999999,52.64999999999999,0.0,0.0,3.75,41.49999999999999,5.0,2.4,4,0,0,12,0,16,2.2480382919311523,9072,4,4,16,3,2,9,63
2002,1.0,0.0,4,OPTIMAL,44.15,44.15,44.15,0.0,0.0,3.75,40.4,0.0,0.0,0,4,16,16,0,16,2.057502031326294,9072,4,4,16,3,2,9,63
2002,1.0,0.1,4,OPTIMAL,45.75,45.75,44.15,0.0,1.6,3.75,40.4,0.0,0.0,0,4,16,16,0,16,2.1767871379852295,9072,4,4,16,3,2,9,63
2002,1.0,0.25,4,OPTIMAL,47.15,47.15,48.15,2.0,1.0,3.75,41.199999999999996,2.0,1.2,2,2,4,14,0,16,2.1718058586120605,9072,4,4,16,3,2,9,63
2002,1.0,0.5,4,OPTIMAL,47.85,47.84999999999999,50.34999999999999,3.0,0.5,3.75,41.29999999999999,3.5,1.7999999999999998,3,1,1,13,0,16,2.1640307903289795,9072,4,4,16,3,2,9,63
2002,1.0,1.0,4,OPTIMAL,48.35,48.34999999999999,50.34999999999999,3.0,1.0,3.75,41.29999999999999,3.5,1.7999999999999998,3,1,1,13,0,16,2.1895110607147217,9072,4,4,16,3,2,9,63
2002,1.0,2.0,4,OPTIMAL,48.65,48.64999999999999,52.64999999999999,4.0,0.0,3.75,41.49999999999999,5.0,2.4,4,0,0,12,0,16,2.2006850242614746,9072,4,4,16,3,2,9,63
2002,1.0,3.0,4,OPTIMAL,48.65,48.64999999999999,52.64999999999999,4.0,0.0,3.75,41.49999999999999,5.0,2.4,4,0,0,12,0,16,2.177891969680786,9072,4,4,16,3,2,9,63
2002,2.0,0.0,4,OPTIMAL,44.05,44.05,46.05,2.0,0.0,3.75,40.699999999999996,1.0,0.6,1,3,9,15,0,16,2.037921905517578,9072,4,4,16,3,2,9,63
2002,2.0,0.1,4,OPTIMAL,44.45,44.44999999999999,50.34999999999999,6.0,0.1,3.75,41.29999999999999,3.5,1.7999999999999998,3,1,1,13,0,16,2.1499829292297363,9072,4,4,16,3,2,9,63
2002,2.0,0.25,4,OPTIMAL,44.6,44.59999999999999,50.34999999999999,6.0,0.25,3.75,41.29999999999999,3.5,1.7999999999999998,3,1,1,13,0,16,2.1409101486206055,9072,4,4,16,3,2,9,63
2002,2.0,0.5,4,OPTIMAL,44.65,44.64999999999999,52.64999999999999,8.0,0.0,3.75,41.49999999999999,5.0,2.4,4,0,0,12,0,16,2.141280174255371,9072,4,4,16,3,2,9,63
2002,2.0,1.0,4,OPTIMAL,44.65,44.64999999999999,52.64999999999999,8.0,0.0,3.75,41.49999999999999,5.0,2.4,4,0,0,12,0,16,2.0645649433135986,9072,4,4,16,3,2,9,63
2002,2.0,2.0,4,OPTIMAL,44.65,44.64999999999999,52.64999999999999,8.0,0.0,3.75,41.49999999999999,5.0,2.4,4,0,0,12,0,16,2.0676259994506836,9072,4,4,16,3,2,9,63
2002,2.0,3.0,4,OPTIMAL,44.65,44.64999999999999,52.64999999999999,8.0,0.0,3.75,41.49999999999999,5.0,2.4,4,0,0,12,0,16,2.085726022720337,9072,4,4,16,3,2,9,63
2002,2.5,0.0,4,OPTIMAL,42.45,42.449999999999996,59.949999999999996,17.5,0.0,3.6500000000000004,43.199999999999996,8.0,5.1000000000000005,7,3,9,9,0,16,2.0514440536499023,9072,4,4,16,3,2,9,63
2002,2.5,0.1,4,OPTIMAL,42.65,42.64999999999999,52.64999999999999,10.0,0.0,3.75,41.49999999999999,5.0,2.4,4,0,0,12,0,16,2.080000877380371,9072,4,4,16,3,2,9,63
2002,2.5,0.25,4,OPTIMAL,42.65,42.64999999999999,52.64999999999999,10.0,0.0,3.75,41.49999999999999,5.0,2.4,4,0,0,12,0,16,2.079948663711548,9072,4,4,16,3,2,9,63
2002,2.5,0.5,4,OPTIMAL,42.65,42.64999999999999,52.64999999999999,10.0,0.0,3.75,41.49999999999999,5.0,2.4,4,0,0,12,0,16,2.0646979808807373,9072,4,4,16,3,2,9,63
2002,2.5,1.0,4,OPTIMAL,42.65,42.64999999999999,52.64999999999999,10.0,0.0,3.75,41.49999999999999,5.0,2.4,4,0,0,12,0,16,2.06742787361145,9072,4,4,16,3,2,9,63
2002,2.5,2.0,4,OPTIMAL,42.65,42.64999999999999,52.64999999999999,10.0,0.0,3.75,41.49999999999999,5.0,2.4,4,0,0,12,0,16,2.080110788345337,9072,4,4,16,3,2,9,63
2002,2.5,3.0,4,OPTIMAL,42.65,42.64999999999999,52.64999999999999,10.0,0.0,3.75,41.49999999999999,5.0,2.4,4,0,0,12,0,16,2.0669829845428467,9072,4,4,16,3,2,9,63
2002,3.0,0.0,4,OPTIMAL,38.6,38.599999999999994,68.6,30.0,0.0,3.7,44.599999999999994,12.5,7.800000000000001,10,6,36,6,0,16,2.0472841262817383,9072,4,4,16,3,2,9,63
2002,3.0,0.1,4,OPTIMAL,39.85,39.849999999999994,57.449999999999996,18.0,0.4,3.75,42.199999999999996,7.0,4.5,6,2,4,10,0,16,2.1513190269470215,9072,4,4,16,3,2,9,63
2002,3.0,0.25,4,OPTIMAL,40.3,40.3,55.05,15.0,0.25,3.75,41.699999999999996,6.0,3.5999999999999996,5,1,1,11,0,16,2.1592841148376465,9072,4,4,16,3,2,9,63
2002,3.0,0.5,4,OPTIMAL,40.55,40.54999999999999,55.04999999999999,15.0,0.5,3.75,41.99999999999999,6.0,3.3,5,1,1,11,0,16,2.198573112487793,9072,4,4,16,3,2,9,63
2002,3.0,1.0,4,OPTIMAL,40.65,40.64999999999999,52.64999999999999,12.0,0.0,3.75,41.49999999999999,5.0,2.4,4,0,0,12,0,16,2.1720879077911377,9072,4,4,16,3,2,9,63
2002,3.0,2.0,4,OPTIMAL,40.65,40.64999999999999,52.64999999999999,12.0,0.0,3.75,41.49999999999999,5.0,2.4,4,0,0,12,0,16,2.1654059886932373,9072,4,4,16,3,2,9,63
2002,3.0,3.0,4,OPTIMAL,40.65,40.64999999999999,52.64999999999999,12.0,0.0,3.75,41.49999999999999,5.0,2.4,4,0,0,12,0,16,2.1625311374664307,9072,4,4,16,3,2,9,63
2003,0.0,0.0,4,OPTIMAL,46.2,46.2,46.2,0.0,0.0,6.000000000000001,40.2,0.0,0.0,0,4,16,16,0,16,2.1185081005096436,9072,4,4,16,3,2,9,63
2003,0.0,0.1,4,OPTIMAL,47.8,47.800000000000004,46.2,0.0,1.6,6.000000000000001,40.2,0.0,0.0,0,4,16,16,0,16,2.1930007934570312,9072,4,4,16,3,2,9,63
2003,0.0,0.25,4,OPTIMAL,50.2,50.2,46.2,0.0,4.0,6.000000000000001,40.2,0.0,0.0,0,4,16,16,0,16,2.256588935852051,9072,4,4,16,3,2,9,63
2003,0.0,0.5,4,OPTIMAL,52.15,52.150000000000006,50.150000000000006,0.0,2.0,5.750000000000001,40.900000000000006,2.0,1.5,2,2,4,14,0,16,2.323323965072632,9072,4,4,16,3,2,9,63
2003,0.0,1.0,4,OPTIMAL,53.65,53.65,52.65,0.0,1.0,6.050000000000001,41.2,3.0,2.4,3,1,1,13,0,16,2.2658021450042725,9072,4,4,16,3,2,9,63
2003,0.0,2.0,4,OPTIMAL,54.65,54.65,52.65,0.0,2.0,6.050000000000001,41.2,3.0,2.4,3,1,1,13,0,16,2.2907049655914307,9072,4,4,16,3,2,9,63
2003,0.0,3.0,4,OPTIMAL,55.25,55.25,55.25,0.0,0.0,6.250000000000001,42.0,4.0,3.0,4,0,0,12,0,16,2.3127188682556152,9072,4,4,16,3,2,9,63
2003,1.0,0.0,4,OPTIMAL,46.2,46.2,46.2,0.0,0.0,6.000000000000001,40.2,0.0,0.0,0,4,16,16,0,16,2.1359598636627197,9072,4,4,16,3,2,9,63
2003,1.0,0.1,4,OPTIMAL,47.8,47.800000000000004,46.2,0.0,1.6,6.000000000000001,40.2,0.0,0.0,0,4,16,16,0,16,2.2143280506134033,9072,4,4,16,3,2,9,63
2003,1.0,0.25,4,OPTIMAL,49.15,49.150000000000006,50.150000000000006,2.0,1.0,5.750000000000001,40.900000000000006,2.0,1.5,2,2,4,14,0,16,2.2216720581054688,9072,4,4,16,3,2,9,63
2003,1.0,0.5,4,OPTIMAL,50.15,50.150000000000006,50.150000000000006,2.0,2.0,5.750000000000001,40.900000000000006,2.0,1.5,2,2,4,14,0,16,2.240180015563965,9072,4,4,16,3,2,9,63
2003,1.0,1.0,4,OPTIMAL,50.65,50.65,52.65,3.0,1.0,6.050000000000001,41.2,3.0,2.4,3,1,1,13,0,16,2.263925075531006,9072,4,4,16,3,2,9,63
2003,1.0,2.0,4,OPTIMAL,51.25,51.25,55.25,4.0,0.0,6.050000000000001,41.400000000000006,4.5,3.3,4,0,0,12,0,16,2.38763689994812,9072,4,4,16,3,2,9,63
2003,1.0,3.0,4,OPTIMAL,51.25,51.25,55.25,4.0,0.0,6.250000000000001,42.0,4.0,3.0,4,0,0,12,0,16,2.404405117034912,9072,4,4,16,3,2,9,63
2003,2.0,0.0,4,OPTIMAL,46.15,46.150000000000006,50.150000000000006,4.0,0.0,5.750000000000001,40.900000000000006,2.0,1.5,2,2,4,14,0,16,2.1609978675842285,9072,4,4,16,3,2,9,63
2003,2.0,0.1,4,OPTIMAL,46.55,46.550000000000004,50.150000000000006,4.0,0.4,5.750000000000001,40.900000000000006,2.0,1.5,2,2,4,14,0,16,2.278394937515259,9072,4,4,16,3,2,9,63
2003,2.0,0.25,4,OPTIMAL,46.9,46.900000000000006,52.650000000000006,6.0,0.25,5.750000000000001,41.50000000000001,3.0,2.4,3,1,1,13,0,16,2.1965889930725098,9072,4,4,16,3,2,9,63
2003,2.0,0.5,4,OPTIMAL,47.15,47.150000000000006,52.650000000000006,6.0,0.5,5.750000000000001,41.50000000000001,3.0,2.4,3,1,1,13,0,16,2.2057268619537354,9072,4,4,16,3,2,9,63
2003,2.0,1.0,4,OPTIMAL,47.25,47.25,55.25,8.0,0.0,6.250000000000001,42.0,4.0,3.0,4,0,0,12,0,16,2.2344958782196045,9072,4,4,16,3,2,9,63
2003,2.0,2.0,4,OPTIMAL,47.25,47.25,55.25,8.0,0.0,6.050000000000001,41.400000000000006,4.5,3.3,4,0,0,12,0,16,2.299916982650757,9072,4,4,16,3,2,9,63
2003,2.0,3.0,4,OPTIMAL,47.25,47.25,55.25,8.0,0.0,6.250000000000001,42.0,4.0,3.0,4,0,0,12,0,16,2.2411952018737793,9072,4,4,16,3,2,9,63
2003,2.5,0.0,4,OPTIMAL,45.15,45.150000000000006,50.150000000000006,5.0,0.0,5.750000000000001,40.900000000000006,2.0,1.5,2,2,4,14,0,16,2.1595678329467773,9072,4,4,16,3,2,9,63
2003,2.5,0.1,4,OPTIMAL,45.25,45.25,52.65,7.5,0.1,6.050000000000001,41.2,3.0,2.4,3,1,1,13,0,16,2.272804021835327,9072,4,4,16,3,2,9,63
2003,2.5,0.25,4,OPTIMAL,45.25,45.25,55.25,10.0,0.0,6.050000000000001,41.400000000000006,4.5,3.3,4,0,0,12,0,16,2.221240282058716,9072,4,4,16,3,2,9,63
2003,2.5,0.5,4,OPTIMAL,45.25,45.25,55.25,10.0,0.0,6.250000000000001,42.0,4.0,3.0,4,0,0,12,0,16,2.221500873565674,9072,4,4,16,3,2,9,63
2003,2.5,1.0,4,OPTIMAL,45.25,45.25,55.25,10.0,0.0,6.050000000000001,41.400000000000006,4.5,3.3,4,0,0,12,0,16,2.231721878051758,9072,4,4,16,3,2,9,63
2003,2.5,2.0,4,OPTIMAL,45.25,45.25,55.25,10.0,0.0,6.250000000000001,42.0,4.0,3.0,4,0,0,12,0,16,2.2738888263702393,9072,4,4,16,3,2,9,63
2003,2.5,3.0,4,OPTIMAL,45.25,45.25,55.25,10.0,0.0,6.250000000000001,42.0,4.0,3.0,4,0,0,12,0,16,2.2386410236358643,9072,4,4,16,3,2,9,63
2003,3.0,0.0,4,OPTIMAL,42.2,42.2,69.2,27.0,0.0,6.7,44.199999999999996,10.5,7.8,9,5,25,7,0,16,2.3603062629699707,9072,4,4,16,3,2,9,63
2003,3.0,0.1,4,OPTIMAL,42.95,42.95,57.85,15.0,0.1,6.250000000000001,42.2,5.5,3.9,5,1,1,11,0,16,2.305306911468506,9072,4,4,16,3,2,9,63
2003,3.0,0.25,4,OPTIMAL,43.1,43.1,57.85,15.0,0.25,6.250000000000001,42.2,5.5,3.9,5,1,1,11,0,16,2.2937560081481934,9072,4,4,16,3,2,9,63
2003,3.0,0.5,4,OPTIMAL,43.25,43.25,55.25,12.0,0.0,6.250000000000001,42.0,4.0,3.0,4,0,0,12,0,16,2.267605781555176,9072,4,4,16,3,2,9,63
2003,3.0,1.0,4,OPTIMAL,43.25,43.25,55.25,12.0,0.0,6.050000000000001,41.400000000000006,4.5,3.3,4,0,0,12,0,16,2.2243361473083496,9072,4,4,16,3,2,9,63
2003,3.0,2.0,4,OPTIMAL,43.25,43.25,55.25,12.0,0.0,6.250000000000001,42.0,4.0,3.0,4,0,0,12,0,16,2.2916417121887207,9072,4,4,16,3,2,9,63
2003,3.0,3.0,4,OPTIMAL,43.25,43.25000000000001,55.25000000000001,12.0,0.0,5.750000000000001,41.70000000000001,4.5,3.3,4,0,0,12,0,16,2.2399840354919434,9072,4,4,16,3,2,9,63
2004,0.0,0.0,4,OPTIMAL,46.55,46.550000000000004,46.550000000000004,0.0,0.0,6.1499999999999995,40.400000000000006,0.0,0.0,0,4,16,16,0,16,2.240752935409546,9072,4,4,16,3,2,9,63
2004,0.0,0.1,4,OPTIMAL,48.15,48.150000000000006,46.550000000000004,0.0,1.6,6.1499999999999995,40.400000000000006,0.0,0.0,0,4,16,16,0,16,2.3292479515075684,9072,4,4,16,3,2,9,63
2004,0.0,0.25,4,OPTIMAL,50.55,50.550000000000004,46.550000000000004,0.0,4.0,6.1499999999999995,40.400000000000006,0.0,0.0,0,4,16,16,0,16,2.4072060585021973,9072,4,4,16,3,2,9,63
2004,0.0,0.5,4,OPTIMAL,52.9,52.900000000000006,50.900000000000006,0.0,2.0,5.999999999999999,40.900000000000006,2.5,1.5,2,2,4,14,0,16,2.358043909072876,9072,4,4,16,3,2,9,63
2004,0.0,1.0,4,OPTIMAL,54.2,54.2,53.2,0.0,1.0,5.999999999999999,41.1,4.0,2.1,3,1,1,13,0,16,2.2910189628601074,9072,4,4,16,3,2,9,63
2004,0.0,2.0,4,OPTIMAL,55.2,55.2,53.2,0.0,2.0,5.999999999999999,41.1,4.0,2.1,3,1,1,13,0,16,2.3352510929107666,9072,4,4,16,3,2,9,63
2004,0.0,3.0,4,OPTIMAL,55.9,55.900000000000006,55.900000000000006,0.0,0.0,5.999999999999999,41.7,5.5,2.7,4,0,0,12,0,16,2.3282501697540283,9072,4,4,16,3,2,9,63
2004,1.0,0.0,4,OPTIMAL,46.55,46.550000000000004,46.550000000000004,0.0,0.0,6.1499999999999995,40.400000000000006,0.0,0.0,0,4,16,16,0,16,2.2635703086853027,9072,4,4,16,3,2,9,63
2004,1.0,0.1,4,OPTIMAL,48.15,48.150000000000006,46.550000000000004,0.0,1.6,6.1499999999999995,40.400000000000006,0.0,0.0,0,4,16,16,0,16,2.3357229232788086,9072,4,4,16,3,2,9,63
2004,1.0,0.25,4,OPTIMAL,49.9,49.9,48.65,1.0,2.25,6.1499999999999995,40.6,1.0,0.9,1,3,9,15,0,16,2.3655271530151367,9072,4,4,16,3,2,9,63
2004,1.0,0.5,4,OPTIMAL,50.7,50.7,53.2,3.0,0.5,5.999999999999999,41.1,4.0,2.1,3,1,1,13,0,16,2.2844250202178955,9072,4,4,16,3,2,9,63
2004,1.0,1.0,4,OPTIMAL,51.2,51.2,53.2,3.0,1.0,5.999999999999999,41.1,4.0,2.1,3,1,1,13,0,16,2.2759220600128174,9072,4,4,16,3,2,9,63
2004,1.0,2.0,4,OPTIMAL,51.9,51.900000000000006,55.900000000000006,4.0,0.0,5.999999999999999,41.7,5.5,2.7,4,0,0,12,0,16,2.30279278755188,9072,4,4,16,3,2,9,63
2004,1.0,3.0,4,OPTIMAL,51.9,51.900000000000006,55.900000000000006,4.0,0.0,5.999999999999999,41.7,5.5,2.7,4,0,0,12,0,16,2.3047242164611816,9072,4,4,16,3,2,9,63
2004,2.0,0.0,4,OPTIMAL,46.55,46.550000000000004,46.550000000000004,0.0,0.0,6.1499999999999995,40.400000000000006,0.0,0.0,0,4,16,16,0,16,2.293248176574707,9072,4,4,16,3,2,9,63
2004,2.0,0.1,4,OPTIMAL,47.3,47.300000000000004,53.2,6.0,0.1,5.999999999999999,41.1,4.0,2.1,3,1,1,13,0,16,2.31207013130188,9072,4,4,16,3,2,9,63
2004,2.0,0.25,4,OPTIMAL,47.45,47.45,53.2,6.0,0.25,5.999999999999999,41.1,4.0,2.1,3,1,1,13,0,16,2.249959945678711,9072,4,4,16,3,2,9,63
2004,2.0,0.5,4,OPTIMAL,47.7,47.7,53.2,6.0,0.5,5.999999999999999,41.1,4.0,2.1,3,1,1,13,0,16,2.257383108139038,9072,4,4,16,3,2,9,63
2004,2.0,1.0,4,OPTIMAL,47.9,47.900000000000006,55.900000000000006,8.0,0.0,5.999999999999999,41.7,5.5,2.7,4,0,0,12,0,16,2.280275821685791,9072,4,4,16,3,2,9,63
2004,2.0,2.0,4,OPTIMAL,47.9,47.900000000000006,55.900000000000006,8.0,0.0,5.999999999999999,41.7,5.5,2.7,4,0,0,12,0,16,2.2847821712493896,9072,4,4,16,3,2,9,63
2004,2.0,3.0,4,OPTIMAL,47.9,47.900000000000006,55.900000000000006,8.0,0.0,5.999999999999999,41.7,5.5,2.7,4,0,0,12,0,16,2.2831618785858154,9072,4,4,16,3,2,9,63
2004,2.5,0.0,4,OPTIMAL,45.7,45.7,53.2,7.5,0.0,5.999999999999999,41.1,4.0,2.1,3,1,1,13,0,16,2.1666181087493896,9072,4,4,16,3,2,9,63
2004,2.5,0.1,4,OPTIMAL,45.8,45.800000000000004,53.2,7.5,0.1,5.999999999999999,41.1,4.0,2.1,3,1,1,13,0,16,2.2064690589904785,9072,4,4,16,3,2,9,63
2004,2.5,0.25,4,OPTIMAL,45.9,45.900000000000006,55.900000000000006,10.0,0.0,5.999999999999999,41.7,5.5,2.7,4,0,0,12,0,16,2.229192018508911,9072,4,4,16,3,2,9,63
2004,2.5,0.5,4,OPTIMAL,45.9,45.900000000000006,55.900000000000006,10.0,0.0,5.999999999999999,41.7,5.5,2.7,4,0,0,12,0,16,2.2353711128234863,9072,4,4,16,3,2,9,63
2004,2.5,1.0,4,OPTIMAL,45.9,45.900000000000006,55.900000000000006,10.0,0.0,5.999999999999999,41.7,5.5,2.7,4,0,0,12,0,16,2.200054883956909,9072,4,4,16,3,2,9,63
2004,2.5,2.0,4,OPTIMAL,45.9,45.900000000000006,55.900000000000006,10.0,0.0,5.999999999999999,41.7,5.5,2.7,4,0,0,12,0,16,2.2098779678344727,9072,4,4,16,3,2,9,63
2004,2.5,3.0,4,OPTIMAL,45.9,45.900000000000006,55.900000000000006,10.0,0.0,5.999999999999999,41.7,5.5,2.7,4,0,0,12,0,16,2.2241499423980713,9072,4,4,16,3,2,9,63
2004,3.0,0.0,4,OPTIMAL,43.6,43.60000000000001,70.60000000000001,27.0,0.0,6.5,44.9,13.5,5.699999999999999,9,5,25,7,0,16,2.2390923500061035,9072,4,4,16,3,2,9,63
2004,3.0,0.1,4,OPTIMAL,43.85,43.85,58.75,15.0,0.1,6.1499999999999995,42.0,7.0,3.6,5,1,1,11,0,16,2.2880289554595947,9072,4,4,16,3,2,9,63
2004,3.0,0.25,4,OPTIMAL,43.9,43.900000000000006,55.900000000000006,12.0,0.0,5.999999999999999,41.7,5.5,2.7,4,0,0,12,0,16,2.2818689346313477,9072,4,4,16,3,2,9,63
2004,3.0,0.5,4,OPTIMAL,43.9,43.900000000000006,55.900000000000006,12.0,0.0,5.999999999999999,41.7,5.5,2.7,4,0,0,12,0,16,2.2927398681640625,9072,4,4,16,3,2,9,63
2004,3.0,1.0,4,OPTIMAL,43.9,43.900000000000006,55.900000000000006,12.0,0.0,5.999999999999999,41.7,5.5,2.7,4,0,0,12,0,16,2.2342100143432617,9072,4,4,16,3,2,9,63
2004,3.0,2.0,4,OPTIMAL,43.9,43.900000000000006,55.900000000000006,12.0,0.0,5.999999999999999,41.7,5.5,2.7,4,0,0,12,0,16,2.2624480724334717,9072,4,4,16,3,2,9,63
2004,3.0,3.0,4,OPTIMAL,43.9,43.900000000000006,55.900000000000006,12.0,0.0,5.999999999999999,41.7,5.5,2.7,4,0,0,12,0,16,2.2383759021759033,9072,4,4,16,3,2,9,63
2005,0.0,0.0,4,OPTIMAL,44.75,44.75,44.75,0.0,0.0,4.15,40.6,0.0,0.0,0,4,16,16,0,16,2.1359407901763916,9072,4,4,16,3,2,9,63
2005,0.0,0.1,4,OPTIMAL,46.35,46.35,44.75,0.0,1.6,4.15,40.6,0.0,0.0,0,4,16,16,0,16,2.230048179626465,9072,4,4,16,3,2,9,63
2005,0.0,0.25,4,OPTIMAL,48.75,48.75,44.75,0.0,4.0,4.15,40.6,0.0,0.0,0,4,16,16,0,16,2.239481210708618,9072,4,4,16,3,2,9,63
2005,0.0,0.5,4,OPTIMAL,50.8,50.79999999999999,48.79999999999999,0.0,2.0,3.8000000000000003,41.49999999999999,2.0,1.5,2,2,4,14,0,16,2.2298288345336914,9072,4,4,16,3,2,9,63
2005,0.0,1.0,4,OPTIMAL,51.9,51.9,50.9,0.0,1.0,3.9,41.9,3.0,2.1,3,1,1,13,0,16,2.267796039581299,9072,4,4,16,3,2,9,63
2005,0.0,2.0,4,OPTIMAL,52.9,52.9,50.9,0.0,2.0,3.9,41.9,3.0,2.1,3,1,1,13,0,16,2.262498140335083,9072,4,4,16,3,2,9,63
2005,0.0,3.0,4,OPTIMAL,53.5,53.49999999999999,53.49999999999999,0.0,0.0,3.9,42.89999999999999,4.0,2.7,4,0,0,12,0,16,2.264600992202759,9072,4,4,16,3,2,9,63
2005,1.0,0.0,4,OPTIMAL,44.75,44.75,44.75,0.0,0.0,4.15,40.6,0.0,0.0,0,4,16,16,0,16,2.160858154296875,9072,4,4,16,3,2,9,63
2005,1.0,0.1,4,OPTIMAL,46.35,46.35,44.75,0.0,1.6,4.15,40.6,0.0,0.0,0,4,16,16,0,16,2.2249820232391357,9072,4,4,16,3,2,9,63
2005,1.0,0.25,4,OPTIMAL,47.8,47.79999999999999,48.79999999999999,2.0,1.0,3.8000000000000003,41.49999999999999,2.0,1.5,2,2,4,14,0,16,2.2190520763397217,9072,4,4,16,3,2,9,63
2005,1.0,0.5,4,OPTIMAL,48.4,48.4,50.9,3.0,0.5,3.9,41.9,3.0,2.1,3,1,1,13,0,16,2.212265968322754,9072,4,4,16,3,2,9,63
2005,1.0,1.0,4,OPTIMAL,48.9,48.9,50.9,3.0,1.0,3.9,41.9,3.0,2.1,3,1,1,13,0,16,2.2553870677948,9072,4,4,16,3,2,9,63
2005,1.0,2.0,4,OPTIMAL,49.5,49.49999999999999,53.49999999999999,4.0,0.0,3.9,42.89999999999999,4.0,2.7,4,0,0,12,0,16,2.277595043182373,9072,4,4,16,3,2,9,63
2005,1.0,3.0,4,OPTIMAL,49.5,49.49999999999999,53.49999999999999,4.0,0.0,3.9,42.89999999999999,4.0,2.7,4,0,0,12,0,16,2.215482234954834,9072,4,4,16,3,2,9,63
2005,2.0,0.0,4,OPTIMAL,44.75,44.75,46.75,2.0,0.0,3.95,41.199999999999996,1.0,0.6,1,3,9,15,0,16,2.1392130851745605,9072,4,4,16,3,2,9,63
2005,2.0,0.1,4,OPTIMAL,45.0,45.0,50.9,6.0,0.1,3.9,41.9,3.0,2.1,3,1,1,13,0,16,2.1840338706970215,9072,4,4,16,3,2,9,63
2005,2.0,0.25,4,OPTIMAL,45.15,45.15,50.9,6.0,0.25,3.9,41.9,3.0,2.1,3,1,1,13,0,16,2.143193244934082,9072,4,4,16,3,2,9,63
2005,2.0,0.5,4,OPTIMAL,45.4,45.4,50.9,6.0,0.5,3.9,41.9,3.0,2.1,3,1,1,13,0,16,2.1986687183380127,9072,4,4,16,3,2,9,63
2005,2.0,1.0,4,OPTIMAL,45.5,45.49999999999999,53.49999999999999,8.0,0.0,3.9,42.89999999999999,4.0,2.7,4,0,0,12,0,16,2.1765921115875244,9072,4,4,16,3,2,9,63
2005,2.0,2.0,4,OPTIMAL,45.5,45.49999999999999,53.49999999999999,8.0,0.0,3.9,42.89999999999999,4.0,2.7,4,0,0,12,0,16,2.1580569744110107,9072,4,4,16,3,2,9,63
2005,2.0,3.0,4,OPTIMAL,45.5,45.49999999999999,53.49999999999999,8.0,0.0,3.9,42.89999999999999,4.0,2.7,4,0,0,12,0,16,2.175185203552246,9072,4,4,16,3,2,9,63
2005,2.5,0.0,4,OPTIMAL,43.4,43.4,50.9,7.5,0.0,3.9,41.9,3.0,2.1,3,1,1,13,0,16,2.1164538860321045,9072,4,4,16,3,2,9,63
2005,2.5,0.1,4,OPTIMAL,43.5,43.49999999999999,53.49999999999999,10.0,0.0,3.9,42.89999999999999,4.0,2.7,4,0,0,12,0,16,2.1510848999023438,9072,4,4,16,3,2,9,63
2005,2.5,0.25,4,OPTIMAL,43.5,43.49999999999999,53.49999999999999,10.0,0.0,3.9,42.89999999999999,4.0,2.7,4,0,0,12,0,16,2.158143997192383,9072,4,4,16,3,2,9,63
2005,2.5,0.5,4,OPTIMAL,43.5,43.49999999999999,53.49999999999999,10.0,0.0,3.9,42.89999999999999,4.0,2.7,4,0,0,12,0,16,2.13966703414917,9072,4,4,16,3,2,9,63
2005,2.5,1.0,4,OPTIMAL,43.5,43.49999999999999,53.49999999999999,10.0,0.0,3.9,42.89999999999999,4.0,2.7,4,0,0,12,0,16,2.1604018211364746,9072,4,4,16,3,2,9,63
2005,2.5,2.0,4,OPTIMAL,43.5,43.49999999999999,53.49999999999999,10.0,0.0,3.9,42.89999999999999,4.0,2.7,4,0,0,12,0,16,2.2049591541290283,9072,4,4,16,3,2,9,63
2005,2.5,3.0,4,OPTIMAL,43.5,43.49999999999999,53.49999999999999,10.0,0.0,3.9,42.89999999999999,4.0,2.7,4,0,0,12,0,16,2.1496901512145996,9072,4,4,16,3,2,9,63
2005,3.0,0.0,4,OPTIMAL,40.55,40.55,64.55,24.0,0.0,4.15,44.99999999999999,8.5,6.8999999999999995,8,4,16,8,0,16,2.1349709033966064,9072,4,4,16,3,2,9,63
2005,3.0,0.1,4,OPTIMAL,41.05,41.04999999999999,58.64999999999999,18.0,0.4,3.95,43.39999999999999,6.5,4.800000000000001,6,2,4,10,0,16,2.183177947998047,9072,4,4,16,3,2,9,63
2005,3.0,0.25,4,OPTIMAL,41.3,41.29999999999999,56.04999999999999,15.0,0.25,3.8500000000000005,43.39999999999999,5.5,3.3000000000000003,5,1,1,11,0,16,2.202829122543335,9072,4,4,16,3,2,9,63
2005,3.0,0.5,4,OPTIMAL,41.5,41.49999999999999,53.49999999999999,12.0,0.0,3.9,42.89999999999999,4.0,2.7,4,0,0,12,0,16,2.2074341773986816,9072,4,4,16,3,2,9,63
2005,3.0,1.0,4,OPTIMAL,41.5,41.49999999999999,53.49999999999999,12.0,0.0,3.9,42.89999999999999,4.0,2.7,4,0,0,12,0,16,2.2138047218322754,9072,4,4,16,3,2,9,63
2005,3.0,2.0,4,OPTIMAL,41.5,41.49999999999999,53.49999999999999,12.0,0.0,3.9,42.89999999999999,4.0,2.7,4,0,0,12,0,16,2.1969470977783203,9072,4,4,16,3,2,9,63
2005,3.0,3.0,4,OPTIMAL,41.5,41.49999999999999,53.49999999999999,12.0,0.0,3.9,42.89999999999999,4.0,2.7,4,0,0,12,0,16,2.199434995651245,9072,4,4,16,3,2,9,63
2006,0.0,0.0,4,OPTIMAL,44.4,44.400000000000006,44.400000000000006,0.0,0.0,4.800000000000001,39.6,0.0,0.0,0,4,16,16,0,16,2.1479849815368652,9072,4,4,16,3,2,9,63
2006,0.0,0.1,4,OPTIMAL,46.0,46.00000000000001,44.400000000000006,0.0,1.6,4.800000000000001,39.6,0.0,0.0,0,4,16,16,0,16,2.1567180156707764,9072,4,4,16,3,2,9,63
2006,0.0,0.25,4,OPTIMAL,48.4,48.400000000000006,44.400000000000006,0.0,4.0,4.800000000000001,39.6,0.0,0.0,0,4,16,16,0,16,2.1607611179351807,9072,4,4,16,3,2,9,63
2006,0.0,0.5,4,OPTIMAL,50.2,50.2,48.2,0.0,2.0,4.5,40.5,2.0,1.2,2,2,4,14,0,16,2.185828924179077,9072,4,4,16,3,2,9,63
2006,0.0,1.0,4,OPTIMAL,51.6,51.599999999999994,50.599999999999994,0.0,1.0,4.5,41.3,3.0,1.7999999999999998,3,1,1,13,0,16,2.2478249073028564,9072,4,4,16,3,2,9,63
2006,0.0,2.0,4,OPTIMAL,52.6,52.599999999999994,50.599999999999994,0.0,2.0,4.5,41.3,3.0,1.7999999999999998,3,1,1,13,0,16,2.245506763458252,9072,4,4,16,3,2,9,63
2006,0.0,3.0,4,OPTIMAL,53.05,53.050000000000004,53.050000000000004,0.0,0.0,4.3500000000000005,41.800000000000004,4.5,2.4,4,0,0,12,0,16,2.203723907470703,9072,4,4,16,3,2,9,63
2006,1.0,0.0,4,OPTIMAL,44.4,44.400000000000006,44.400000000000006,0.0,0.0,4.800000000000001,39.6,0.0,0.0,0,4,16,16,0,16,2.1144509315490723,9072,4,4,16,3,2,9,63
2006,1.0,0.1,4,OPTIMAL,46.0,46.00000000000001,44.400000000000006,0.0,1.6,4.800000000000001,39.6,0.0,0.0,0,4,16,16,0,16,2.1581130027770996,9072,4,4,16,3,2,9,63
2006,1.0,0.25,4,OPTIMAL,47.2,47.199999999999996,48.199999999999996,2.0,1.0,4.9,40.099999999999994,2.0,1.2,2,2,4,14,0,16,2.18500018119812,9072,4,4,16,3,2,9,63
2006,1.0,0.5,4,OPTIMAL,48.1,48.099999999999994,50.599999999999994,3.0,0.5,4.9,40.9,3.0,1.7999999999999998,3,1,1,13,0,16,2.208193063735962,9072,4,4,16,3,2,9,63
2006,1.0,1.0,4,OPTIMAL,48.6,48.599999999999994,50.599999999999994,3.0,1.0,4.9,40.9,3.0,1.7999999999999998,3,1,1,13,0,16,2.2334389686584473,9072,4,4,16,3,2,9,63
2006,1.0,2.0,4,OPTIMAL,49.05,49.050000000000004,53.050000000000004,4.0,0.0,4.3500000000000005,41.800000000000004,4.5,2.4,4,0,0,12,0,16,2.1760129928588867,9072,4,4,16,3,2,9,63
2006,1.0,3.0,4,OPTIMAL,49.05,49.050000000000004,53.050000000000004,4.0,0.0,4.3500000000000005,41.800000000000004,4.5,2.4,4,0,0,12,0,16,2.2079031467437744,9072,4,4,16,3,2,9,63
2006,2.0,0.0,4,OPTIMAL,44.2,44.199999999999996,48.199999999999996,4.0,0.0,4.9,40.099999999999994,2.0,1.2,2,2,4,14,0,16,2.087951898574829,9072,4,4,16,3,2,9,63
2006,2.0,0.1,4,OPTIMAL,44.6,44.6,48.2,4.0,0.4,4.5,40.5,2.0,1.2,2,2,4,14,0,16,2.1689391136169434,9072,4,4,16,3,2,9,63
2006,2.0,0.25,4,OPTIMAL,44.85,44.849999999999994,50.599999999999994,6.0,0.25,4.5,41.3,3.0,1.7999999999999998,3,1,1,13,0,16,2.203740358352661,9072,4,4,16,3,2,9,63
2006,2.0,0.5,4,OPTIMAL,45.05,45.050000000000004,53.050000000000004,8.0,0.0,4.3500000000000005,41.800000000000004,4.5,2.4,4,0,0,12,0,16,2.1600699424743652,9072,4,4,16,3,2,9,63
2006,2.0,1.0,4,OPTIMAL,45.05,45.050000000000004,53.050000000000004,8.0,0.0,4.3500000000000005,41.800000000000004,4.5,2.4,4,0,0,12,0,16,2.1147031784057617,9072,4,4,16,3,2,9,63
2006,2.0,2.0,4,OPTIMAL,45.05,45.050000000000004,53.050000000000004,8.0,0.0,4.3500000000000005,41.800000000000004,4.5,2.4,4,0,0,12,0,16,2.1500842571258545,9072,4,4,16,3,2,9,63
2006,2.0,3.0,4,OPTIMAL,45.05,45.050000000000004,53.050000000000004,8.0,0.0,4.3500000000000005,41.800000000000004,4.5,2.4,4,0,0,12,0,16,2.1687111854553223,9072,4,4,16,3,2,9,63
2006,2.5,0.0,4,OPTIMAL,43.05,43.050000000000004,53.050000000000004,10.0,0.0,4.3500000000000005,41.800000000000004,4.5,2.4,4,0,0,12,0,16,2.1186411380767822,9072,4,4,16,3,2,9,63
2006,2.5,0.1,4,OPTIMAL,43.05,43.050000000000004,53.050000000000004,10.0,0.0,4.3500000000000005,41.800000000000004,4.5,2.4,4,0,0,12,0,16,2.1446969509124756,9072,4,4,16,3,2,9,63
2006,2.5,0.25,4,OPTIMAL,43.05,43.050000000000004,53.050000000000004,10.0,0.0,4.3500000000000005,41.800000000000004,4.5,2.4,4,0,0,12,0,16,2.1596858501434326,9072,4,4,16,3,2,9,63
2006,2.5,0.5,4,OPTIMAL,43.05,43.050000000000004,53.050000000000004,10.0,0.0,4.3500000000000005,41.800000000000004,4.5,2.4,4,0,0,12,0,16,2.116942882537842,9072,4,4,16,3,2,9,63
2006,2.5,1.0,4,OPTIMAL,43.05,43.050000000000004,53.050000000000004,10.0,0.0,4.3500000000000005,41.800000000000004,4.5,2.4,4,0,0,12,0,16,2.1408679485321045,9072,4,4,16,3,2,9,63
2006,2.5,2.0,4,OPTIMAL,43.05,43.050000000000004,53.050000000000004,10.0,0.0,4.3500000000000005,41.800000000000004,4.5,2.4,4,0,0,12,0,16,2.108715057373047,9072,4,4,16,3,2,9,63
2006,2.5,3.0,4,OPTIMAL,43.05,43.050000000000004,53.050000000000004,10.0,0.0,4.3500000000000005,41.800000000000004,4.5,2.4,4,0,0,12,0,16,2.146845817565918,9072,4,4,16,3,2,9,63
2006,3.0,0.0,4,OPTIMAL,39.55,39.55,69.55,30.0,0.0,4.65,44.9,12.5,7.499999999999998,10,6,36,6,0,16,2.0796048641204834,9072,4,4,16,3,2,9,63
2006,3.0,0.1,4,OPTIMAL,40.65,40.650000000000006,58.25000000000001,18.0,0.4,4.550000000000001,43.1,7.0,3.6,6,2,4,10,0,16,2.123594045639038,9072,4,4,16,3,2,9,63
2006,3.0,0.25,4,OPTIMAL,40.9,40.900000000000006,55.650000000000006,15.0,0.25,4.3500000000000005,42.300000000000004,6.0,3.0,5,1,1,11,0,16,2.1455349922180176,9072,4,4,16,3,2,9,63
2006,3.0,0.5,4,OPTIMAL,41.05,41.050000000000004,53.050000000000004,12.0,0.0,4.3500000000000005,41.800000000000004,4.5,2.4,4,0,0,12,0,16,2.1514761447906494,9072,4,4,16,3,2,9,63
2006,3.0,1.0,4,OPTIMAL,41.05,41.050000000000004,53.050000000000004,12.0,0.0,4.3500000000000005,41.800000000000004,4.5,2.4,4,0,0,12,0,16,2.1550300121307373,9072,4,4,16,3,2,9,63
2006,3.0,2.0,4,OPTIMAL,41.05,41.050000000000004,53.050000000000004,12.0,0.0,4.3500000000000005,41.800000000000004,4.5,2.4,4,0,0,12,0,16,2.169084072113037,9072,4,4,16,3,2,9,63
2006,3.0,3.0,4,OPTIMAL,41.05,41.050000000000004,53.050000000000004,12.0,0.0,4.3500000000000005,41.800000000000004,4.5,2.4,4,0,0,12,0,16,2.1545400619506836,9072,4,4,16,3,2,9,63
2007,0.0,0.0,4,OPTIMAL,46.75,46.75000000000001,46.75000000000001,0.0,0.0,6.6499999999999995,40.10000000000001,0.0,0.0,0,4,16,15,1,16,2.1686220169067383,9072,4,4,16,3,2,9,63
2007,0.0,0.1,4,OPTIMAL,48.35,48.35000000000001,46.75000000000001,0.0,1.6,6.6499999999999995,40.10000000000001,0.0,0.0,0,4,16,15,1,16,2.2831740379333496,9072,4,4,16,3,2,9,63
2007,0.0,0.25,4,OPTIMAL,50.75,50.75000000000001,46.75000000000001,0.0,4.0,6.6499999999999995,40.10000000000001,0.0,0.0,0,4,16,15,1,16,2.343170166015625,9072,4,4,16,3,2,9,63
2007,0.0,0.5,4,OPTIMAL,52.3,52.30000000000001,50.30000000000001,0.0,2.0,6.6,40.50000000000001,2.0,1.2,2,2,4,13,1,16,2.3273391723632812,9072,4,4,16,3,2,9,63
2007,0.0,1.0,4,OPTIMAL,53.5,53.50000000000001,52.50000000000001,0.0,1.0,6.6,41.10000000000001,3.0,1.7999999999999998,3,1,1,13,0,16,2.283820152282715,9072,4,4,16,3,2,9,63
2007,0.0,2.0,4,OPTIMAL,54.5,54.50000000000001,52.50000000000001,0.0,2.0,6.6,41.10000000000001,3.0,1.7999999999999998,3,1,1,13,0,16,2.3089380264282227,9072,4,4,16,3,2,9,63
2007,0.0,3.0,4,OPTIMAL,54.9,54.900000000000006,54.900000000000006,0.0,0.0,6.6,41.400000000000006,4.5,2.4,4,0,0,12,0,16,2.4625508785247803,9072,4,4,16,3,2,9,63
2007,1.0,0.0,4,OPTIMAL,46.75,46.75000000000001,46.75000000000001,0.0,0.0,6.6499999999999995,40.10000000000001,0.0,0.0,0,4,16,15,1,16,2.1715831756591797,9072,4,4,16,3,2,9,63
2007,1.0,0.1,4,OPTIMAL,48.35,48.35000000000001,46.75000000000001,0.0,1.6,6.6499999999999995,40.10000000000001,0.0,0.0,0,4,16,15,1,16,2.275280237197876,9072,4,4,16,3,2,9,63
2007,1.0,0.25,4,OPTIMAL,49.3,49.30000000000001,50.30000000000001,2.0,1.0,6.6,40.50000000000001,2.0,1.2,2,2,4,13,1,16,2.3220770359039307,9072,4,4,16,3,2,9,63
2007,1.0,0.5,4,OPTIMAL,50.0,50.00000000000001,52.50000000000001,3.0,0.5,6.6,41.10000000000001,3.0,1.7999999999999998,3,1,1,13,0,16,2.2903099060058594,9072,4,4,16,3,2,9,63
2007,1.0,1.0,4,OPTIMAL,50.5,50.50000000000001,52.50000000000001,3.0,1.0,6.6,41.10000000000001,3.0,1.7999999999999998,3,1,1,13,0,16,2.539957046508789,9072,4,4,16,3,2,9,63
2007,1.0,2.0,4,OPTIMAL,50.9,50.900000000000006,54.900000000000006,4.0,0.0,6.6,41.400000000000006,4.5,2.4,4,0,0,12,0,16,2.2803969383239746,9072,4,4,16,3,2,9,63
2007,1.0,3.0,4,OPTIMAL,50.9,50.900000000000006,54.900000000000006,4.0,0.0,6.6,41.400000000000006,4.5,2.4,4,0,0,12,0,16,2.297614812850952,9072,4,4,16,3,2,9,63
2007,2.0,0.0,4,OPTIMAL,46.3,46.30000000000001,50.30000000000001,4.0,0.0,6.6,40.50000000000001,2.0,1.2,2,2,4,13,1,16,2.1999640464782715,9072,4,4,16,3,2,9,63
2007,2.0,0.1,4,OPTIMAL,46.6,46.60000000000001,52.50000000000001,6.0,0.1,6.6,41.10000000000001,3.0,1.7999999999999998,3,1,1,13,0,16,2.2097690105438232,9072,4,4,16,3,2,9,63
2007,2.0,0.25,4,OPTIMAL,46.75,46.75000000000001,52.50000000000001,6.0,0.25,6.6,41.10000000000001,3.0,1.7999999999999998,3,1,1,13,0,16,2.2413291931152344,9072,4,4,16,3,2,9,63
2007,2.0,0.5,4,OPTIMAL,46.9,46.900000000000006,54.900000000000006,8.0,0.0,6.6,41.400000000000006,4.5,2.4,4,0,0,12,0,16,2.2637979984283447,9072,4,4,16,3,2,9,63
2007,2.0,1.0,4,OPTIMAL,46.9,46.900000000000006,54.900000000000006,8.0,0.0,6.6,41.400000000000006,4.5,2.4,4,0,0,12,0,16,2.3162448406219482,9072,4,4,16,3,2,9,63
2007,2.0,2.0,4,OPTIMAL,46.9,46.900000000000006,54.900000000000006,8.0,0.0,6.6,41.400000000000006,4.5,2.4,4,0,0,12,0,16,2.2276558876037598,9072,4,4,16,3,2,9,63
2007,2.0,3.0,4,OPTIMAL,46.9,46.900000000000006,54.900000000000006,8.0,0.0,6.6,41.400000000000006,4.5,2.4,4,0,0,12,0,16,2.2379207611083984,9072,4,4,16,3,2,9,63
2007,2.5,0.0,4,OPTIMAL,44.9,44.900000000000006,54.900000000000006,10.0,0.0,6.6,41.400000000000006,4.5,2.4,4,0,0,12,0,16,2.176677942276001,9072,4,4,16,3,2,9,63
2007,2.5,0.1,4,OPTIMAL,44.9,44.900000000000006,54.900000000000006,10.0,0.0,6.6,41.400000000000006,4.5,2.4,4,0,0,12,0,16,2.2250349521636963,9072,4,4,16,3,2,9,63
2007,2.5,0.25,4,OPTIMAL,44.9,44.900000000000006,54.900000000000006,10.0,0.0,6.6,41.400000000000006,4.5,2.4,4,0,0,12,0,16,2.2272698879241943,9072,4,4,16,3,2,9,63
2007,2.5,0.5,4,OPTIMAL,44.9,44.900000000000006,54.900000000000006,10.0,0.0,6.6,41.400000000000006,4.5,2.4,4,0,0,12,0,16,2.2253761291503906,9072,4,4,16,3,2,9,63
2007,2.5,1.0,4,OPTIMAL,44.9,44.900000000000006,54.900000000000006,10.0,0.0,6.6,41.400000000000006,4.5,2.4,4,0,0,12,0,16,2.222187042236328,9072,4,4,16,3,2,9,63
2007,2.5,2.0,4,OPTIMAL,44.9,44.900000000000006,54.900000000000006,10.0,0.0,6.6,41.400000000000006,4.5,2.4,4,0,0,12,0,16,2.2151920795440674,9072,4,4,16,3,2,9,63
2007,2.5,3.0,4,OPTIMAL,44.9,44.900000000000006,54.900000000000006,10.0,0.0,6.6,41.400000000000006,4.5,2.4,4,0,0,12,0,16,2.2109200954437256,9072,4,4,16,3,2,9,63
2007,3.0,0.0,4,OPTIMAL,41.75,41.75,68.75,27.0,0.0,6.35,43.8,12.0,6.6,9,5,25,7,0,16,2.1643528938293457,9072,4,4,16,3,2,9,63
2007,3.0,0.1,4,OPTIMAL,42.45,42.45,60.050000000000004,18.0,0.4,6.1499999999999995,42.400000000000006,7.0,4.5,6,2,4,10,0,16,2.202209234237671,9072,4,4,16,3,2,9,63
2007,3.0,0.25,4,OPTIMAL,42.65,42.650000000000006,57.400000000000006,15.0,0.25,6.2,42.2,6.0,3.0,5,1,1,11,0,16,2.219604969024658,9072,4,4,16,3,2,9,63
2007,3.0,0.5,4,OPTIMAL,42.9,42.900000000000006,57.400000000000006,15.0,0.5,6.2,42.2,6.0,3.0,5,1,1,11,0,16,2.23789381980896,9072,4,4,16,3,2,9,63
2007,3.0,1.0,4,OPTIMAL,42.9,42.900000000000006,54.900000000000006,12.0,0.0,6.6,41.400000000000006,4.5,2.4,4,0,0,12,0,16,2.2368879318237305,9072,4,4,16,3,2,9,63
2007,3.0,2.0,4,OPTIMAL,42.9,42.900000000000006,54.900000000000006,12.0,0.0,6.6,41.400000000000006,4.5,2.4,4,0,0,12,0,16,2.2381129264831543,9072,4,4,16,3,2,9,63
2007,3.0,3.0,4,OPTIMAL,42.9,42.900000000000006,54.900000000000006,12.0,0.0,6.6,41.400000000000006,4.5,2.4,4,0,0,12,0,16,2.2486002445220947,9072,4,4,16,3,2,9,63
2008,0.0,0.0,4,OPTIMAL,47.85,47.849999999999994,47.849999999999994,0.0,0.0,7.249999999999999,40.599999999999994,0.0,0.0,0,4,16,16,0,16,2.167750120162964,9072,4,4,16,3,2,9,63
2008,0.0,0.1,4,OPTIMAL,49.45,49.449999999999996,47.849999999999994,0.0,1.6,7.249999999999999,40.599999999999994,0.0,0.0,0,4,16,16,0,16,2.270301103591919,9072,4,4,16,3,2,9,63
2008,0.0,0.25,4,OPTIMAL,51.8,51.8,49.55,0.0,2.25,6.8500000000000005,41.099999999999994,1.0,0.6,1,3,9,15,0,16,2.2663838863372803,9072,4,4,16,3,2,9,63
2008,0.0,0.5,4,OPTIMAL,53.75,53.74999999999999,51.74999999999999,0.0,2.0,6.8500000000000005,41.099999999999994,2.0,1.7999999999999998,2,2,4,14,0,16,2.25010085105896,9072,4,4,16,3,2,9,63
2008,0.0,1.0,4,OPTIMAL,55.05,55.05,54.05,0.0,1.0,6.95,41.199999999999996,3.5,2.4,3,1,1,13,0,16,2.23299503326416,9072,4,4,16,3,2,9,63
2008,0.0,2.0,4,OPTIMAL,56.05,56.05,54.05,0.0,2.0,6.95,41.199999999999996,3.5,2.4,3,1,1,13,0,16,2.2514429092407227,9072,4,4,16,3,2,9,63
2008,0.0,3.0,4,OPTIMAL,56.75,56.74999999999999,56.74999999999999,0.0,0.0,7.1499999999999995,41.49999999999999,4.5,3.5999999999999996,4,0,0,12,0,16,2.2481119632720947,9072,4,4,16,3,2,9,63
2008,1.0,0.0,4,OPTIMAL,47.85,47.849999999999994,47.849999999999994,0.0,0.0,7.249999999999999,40.599999999999994,0.0,0.0,0,4,16,16,0,16,2.169248104095459,9072,4,4,16,3,2,9,63
2008,1.0,0.1,4,OPTIMAL,49.45,49.449999999999996,47.849999999999994,0.0,1.6,6.8500000000000005,40.99999999999999,0.0,0.0,0,4,16,15,1,16,2.2298660278320312,9072,4,4,16,3,2,9,63
2008,1.0,0.25,4,OPTIMAL,50.75,50.74999999999999,51.74999999999999,2.0,1.0,6.8500000000000005,41.099999999999994,2.0,1.7999999999999998,2,2,4,14,0,16,2.2377071380615234,9072,4,4,16,3,2,9,63
2008,1.0,0.5,4,OPTIMAL,51.55,51.55,54.05,3.0,0.5,6.95,41.199999999999996,3.5,2.4,3,1,1,13,0,16,2.2159690856933594,9072,4,4,16,3,2,9,63
2008,1.0,1.0,4,OPTIMAL,52.05,52.05,54.05,3.0,1.0,6.95,41.199999999999996,3.5,2.4,3,1,1,13,0,16,2.241279125213623,9072,4,4,16,3,2,9,63
2008,1.0,2.0,4,OPTIMAL,52.75,52.74999999999999,56.74999999999999,4.0,0.0,7.1499999999999995,41.49999999999999,4.5,3.5999999999999996,4,0,0,12,0,16,2.2256808280944824,9072,4,4,16,3,2,9,63
2008,1.0,3.0,4,OPTIMAL,52.75,52.74999999999999,56.74999999999999,4.0,0.0,7.1499999999999995,41.49999999999999,4.5,3.5999999999999996,4,0,0,12,0,16,2.2357707023620605,9072,4,4,16,3,2,9,63
2008,2.0,0.0,4,OPTIMAL,47.55,47.55,49.55,2.0,0.0,6.8500000000000005,41.099999999999994,1.0,0.6,1,3,9,15,0,16,2.131270170211792,9072,4,4,16,3,2,9,63
2008,2.0,0.1,4,OPTIMAL,48.15,48.14999999999999,51.74999999999999,4.0,0.4,6.8500000000000005,41.099999999999994,2.0,1.7999999999999998,2,2,4,14,0,16,2.176967144012451,9072,4,4,16,3,2,9,63
2008,2.0,0.25,4,OPTIMAL,48.3,48.3,54.05,6.0,0.25,6.95,41.199999999999996,3.5,2.4,3,1,1,13,0,16,2.186522960662842,9072,4,4,16,3,2,9,63
2008,2.0,0.5,4,OPTIMAL,48.55,48.55,54.05,6.0,0.5,6.95,41.199999999999996,3.5,2.4,3,1,1,13,0,16,2.1832778453826904,9072,4,4,16,3,2,9,63
2008,2.0,1.0,4,OPTIMAL,48.75,48.74999999999999,56.74999999999999,8.0,0.0,7.1499999999999995,41.49999999999999,4.5,3.5999999999999996,4,0,0,12,0,16,2.2029707431793213,9072,4,4,16,3,2,9,63
2008,2.0,2.0,4,OPTIMAL,48.75,48.74999999999999,56.74999999999999,8.0,0.0,7.1499999999999995,41.49999999999999,4.5,3.5999999999999996,4,0,0,12,0,16,2.204028844833374,9072,4,4,16,3,2,9,63
2008,2.0,3.0,4,OPTIMAL,48.75,48.74999999999999,56.74999999999999,8.0,0.0,7.1499999999999995,41.49999999999999,4.5,3.5999999999999996,4,0,0,12,0,16,2.2100830078125,9072,4,4,16,3,2,9,63
2008,2.5,0.0,4,OPTIMAL,46.55,46.55,54.05,7.5,0.0,6.95,41.199999999999996,3.5,2.4,3,1,1,13,0,16,2.1064422130584717,9072,4,4,16,3,2,9,63
2008,2.5,0.1,4,OPTIMAL,46.65,46.65,54.05,7.5,0.1,6.95,41.199999999999996,3.5,2.4,3,1,1,13,0,16,2.1461198329925537,9072,4,4,16,3,2,9,63
2008,2.5,0.25,4,OPTIMAL,46.75,46.74999999999999,56.74999999999999,10.0,0.0,7.1499999999999995,41.49999999999999,4.5,3.5999999999999996,4,0,0,12,0,16,2.1794590950012207,9072,4,4,16,3,2,9,63
2008,2.5,0.5,4,OPTIMAL,46.75,46.74999999999999,56.74999999999999,10.0,0.0,7.1499999999999995,41.49999999999999,4.5,3.5999999999999996,4,0,0,12,0,16,2.197446346282959,9072,4,4,16,3,2,9,63
2008,2.5,1.0,4,OPTIMAL,46.75,46.74999999999999,56.74999999999999,10.0,0.0,7.1499999999999995,41.49999999999999,4.5,3.5999999999999996,4,0,0,12,0,16,2.2107088565826416,9072,4,4,16,3,2,9,63
2008,2.5,2.0,4,OPTIMAL,46.75,46.74999999999999,56.74999999999999,10.0,0.0,7.1499999999999995,41.49999999999999,4.5,3.5999999999999996,4,0,0,12,0,16,2.1404080390930176,9072,4,4,16,3,2,9,63
2008,2.5,3.0,4,OPTIMAL,46.75,46.74999999999999,56.74999999999999,10.0,0.0,7.1499999999999995,41.49999999999999,4.5,3.5999999999999996,4,0,0,12,0,16,2.1751511096954346,9072,4,4,16,3,2,9,63
2008,3.0,0.0,4,OPTIMAL,44.55,44.54999999999999,62.54999999999999,18.0,0.0,7.249999999999999,42.09999999999999,7.5,5.7,6,2,4,10,0,16,2.1532890796661377,9072,4,4,16,3,2,9,63
2008,3.0,0.1,4,OPTIMAL,44.65,44.65,59.55,15.0,0.1,7.1499999999999995,41.699999999999996,6.5,4.2,5,1,1,11,0,16,2.1969149112701416,9072,4,4,16,3,2,9,63
2008,3.0,0.25,4,OPTIMAL,44.75,44.74999999999999,56.74999999999999,12.0,0.0,7.1499999999999995,41.49999999999999,4.5,3.5999999999999996,4,0,0,12,0,16,2.1772031784057617,9072,4,4,16,3,2,9,63
2008,3.0,0.5,4,OPTIMAL,44.75,44.74999999999999,56.74999999999999,12.0,0.0,7.1499999999999995,41.49999999999999,4.5,3.5999999999999996,4,0,0,12,0,16,2.212124824523926,9072,4,4,16,3,2,9,63
2008,3.0,1.0,4,OPTIMAL,44.75,44.74999999999999,56.74999999999999,12.0,0.0,7.1499999999999995,41.49999999999999,4.5,3.5999999999999996,4,0,0,12,0,16,2.19162917137146,9072,4,4,16,3,2,9,63
2008,3.0,2.0,4,OPTIMAL,44.75,44.74999999999999,56.74999999999999,12.0,0.0,7.1499999999999995,41.49999999999999,4.5,3.5999999999999996,4,0,0,12,0,16,2.1830201148986816,9072,4,4,16,3,2,9,63
2008,3.0,3.0,4,OPTIMAL,44.75,44.74999999999999,56.74999999999999,12.0,0.0,7.1499999999999995,41.49999999999999,4.5,3.5999999999999996,4,0,0,12,0,16,2.208423137664795,9072,4,4,16,3,2,9,63
2009,0.0,0.0,4,OPTIMAL,47.0,47.00000000000001,47.00000000000001,0.0,0.0,6.200000000000001,40.800000000000004,0.0,0.0,0,4,16,16,0,16,2.784018039703369,9072,4,4,16,3,2,9,63
2009,0.0,0.1,4,OPTIMAL,48.6,48.6,47.0,0.0,1.6,6.4,40.6,0.0,0.0,0,4,16,16,0,16,2.4384758472442627,9072,4,4,16,3,2,9,63
2009,0.0,0.25,4,OPTIMAL,50.9,50.900000000000006,48.650000000000006,0.0,2.25,6.250000000000001,40.800000000000004,1.0,0.6,1,3,9,15,0,16,2.3088436126708984,9072,4,4,16,3,2,9,63
2009,0.0,0.5,4,OPTIMAL,52.55,52.550000000000004,50.550000000000004,0.0,2.0,6.250000000000001,41.1,2.0,1.2,2,2,4,14,0,16,2.3705878257751465,9072,4,4,16,3,2,9,63
2009,0.0,1.0,4,OPTIMAL,53.7,53.699999999999996,52.699999999999996,0.0,1.0,6.500000000000001,41.4,3.0,1.7999999999999998,3,1,1,13,0,16,2.317685604095459,9072,4,4,16,3,2,9,63
2009,0.0,2.0,4,OPTIMAL,54.7,54.699999999999996,52.699999999999996,0.0,2.0,6.500000000000001,41.4,3.0,1.7999999999999998,3,1,1,13,0,16,2.3536550998687744,9072,4,4,16,3,2,9,63
2009,0.0,3.0,4,OPTIMAL,55.15,55.150000000000006,55.150000000000006,0.0,0.0,6.550000000000001,41.9,4.0,2.7,4,0,0,12,0,16,2.3668739795684814,9072,4,4,16,3,2,9,63
2009,1.0,0.0,4,OPTIMAL,47.0,47.00000000000001,47.00000000000001,0.0,0.0,6.200000000000001,40.800000000000004,0.0,0.0,0,4,16,16,0,16,2.166790008544922,9072,4,4,16,3,2,9,63
2009,1.0,0.1,4,OPTIMAL,48.55,48.550000000000004,48.650000000000006,1.0,0.9,6.250000000000001,40.800000000000004,1.0,0.6,1,3,9,15,0,16,2.300341844558716,9072,4,4,16,3,2,9,63
2009,1.0,0.25,4,OPTIMAL,49.55,49.550000000000004,50.550000000000004,2.0,1.0,6.250000000000001,41.1,2.0,1.2,2,2,4,14,0,16,2.3220043182373047,9072,4,4,16,3,2,9,63
2009,1.0,0.5,4,OPTIMAL,50.2,50.199999999999996,52.699999999999996,3.0,0.5,6.500000000000001,41.4,3.0,1.7999999999999998,3,1,1,13,0,16,2.3020708560943604,9072,4,4,16,3,2,9,63
2009,1.0,1.0,4,OPTIMAL,50.7,50.699999999999996,52.699999999999996,3.0,1.0,6.500000000000001,41.4,3.0,1.7999999999999998,3,1,1,13,0,16,2.286372184753418,9072,4,4,16,3,2,9,63
2009,1.0,2.0,4,OPTIMAL,51.15,51.150000000000006,55.150000000000006,4.0,0.0,6.550000000000001,41.9,4.0,2.7,4,0,0,12,0,16,2.2910571098327637,9072,4,4,16,3,2,9,63
2009,1.0,3.0,4,OPTIMAL,51.15,51.150000000000006,55.150000000000006,4.0,0.0,6.550000000000001,41.9,4.0,2.7,4,0,0,12,0,16,2.3176310062408447,9072,4,4,16,3,2,9,63
2009,2.0,0.0,4,OPTIMAL,46.55,46.550000000000004,50.550000000000004,4.0,0.0,6.250000000000001,41.1,2.0,1.2,2,2,4,14,0,16,2.261075973510742,9072,4,4,16,3,2,9,63
2009,2.0,0.1,4,OPTIMAL,46.8,46.8,52.699999999999996,6.0,0.1,6.500000000000001,41.4,3.0,1.7999999999999998,3,1,1,13,0,16,2.259672164916992,9072,4,4,16,3,2,9,63
2009,2.0,0.25,4,OPTIMAL,46.95,46.949999999999996,52.699999999999996,6.0,0.25,6.500000000000001,41.4,3.0,1.7999999999999998,3,1,1,13,0,16,2.209660291671753,9072,4,4,16,3,2,9,63
2009,2.0,0.5,4,OPTIMAL,47.15,47.150000000000006,55.150000000000006,8.0,0.0,6.550000000000001,41.9,4.0,2.7,4,0,0,12,0,16,2.296333074569702,9072,4,4,16,3,2,9,63
2009,2.0,1.0,4,OPTIMAL,47.15,47.150000000000006,55.150000000000006,8.0,0.0,6.550000000000001,41.9,4.0,2.7,4,0,0,12,0,16,2.2155327796936035,9072,4,4,16,3,2,9,63
2009,2.0,2.0,4,OPTIMAL,47.15,47.150000000000006,55.150000000000006,8.0,0.0,6.550000000000001,41.9,4.0,2.7,4,0,0,12,0,16,2.2109739780426025,9072,4,4,16,3,2,9,63
2009,2.0,3.0,4,OPTIMAL,47.15,47.150000000000006,55.150000000000006,8.0,0.0,6.550000000000001,41.9,4.0,2.7,4,0,0,12,0,16,2.2541298866271973,9072,4,4,16,3,2,9,63
2009,2.5,0.0,4,OPTIMAL,45.15,45.150000000000006,55.150000000000006,10.0,0.0,6.550000000000001,41.9,4.0,2.7,4,0,0,12,0,16,2.1141960620880127,9072,4,4,16,3,2,9,63
2009,2.5,0.1,4,OPTIMAL,45.15,45.150000000000006,55.150000000000006,10.0,0.0,6.550000000000001,41.9,4.0,2.7,4,0,0,12,0,16,2.173933982849121,9072,4,4,16,3,2,9,63
2009,2.5,0.25,4,OPTIMAL,45.15,45.150000000000006,55.150000000000006,10.0,0.0,6.550000000000001,41.9,4.0,2.7,4,0,0,12,0,16,2.1611220836639404,9072,4,4,16,3,2,9,63
2009,2.5,0.5,4,OPTIMAL,45.15,45.150000000000006,55.150000000000006,10.0,0.0,6.550000000000001,41.9,4.0,2.7,4,0,0,12,0,16,2.166746139526367,9072,4,4,16,3,2,9,63
2009,2.5,1.0,4,OPTIMAL,45.15,45.150000000000006,55.150000000000006,10.0,0.0,6.550000000000001,41.9,4.0,2.7,4,0,0,12,0,16,2.1567039489746094,9072,4,4,16,3,2,9,63
2009,2.5,2.0,4,OPTIMAL,45.15,45.150000000000006,55.150000000000006,10.0,0.0,6.550000000000001,41.9,4.0,2.7,4,0,0,12,0,16,2.164055109024048,9072,4,4,16,3,2,9,63
2009,2.5,3.0,4,OPTIMAL,45.15,45.150000000000006,55.150000000000006,10.0,0.0,6.550000000000001,41.9,4.0,2.7,4,0,0,12,0,16,2.1612708568573,9072,4,4,16,3,2,9,63
2009,3.0,0.0,4,OPTIMAL,42.0,42.0,69.0,27.0,0.0,7.0,44.0,10.5,7.499999999999998,9,5,25,7,0,16,2.2010040283203125,9072,4,4,16,3,2,9,63
2009,3.0,0.1,4,OPTIMAL,42.8,42.8,60.4,18.0,0.4,6.700000000000001,42.4,6.5,4.8,6,2,4,10,0,16,2.2784979343414307,9072,4,4,16,3,2,9,63
2009,3.0,0.25,4,OPTIMAL,42.95,42.95,57.7,15.0,0.25,6.700000000000001,41.8,5.0,4.2,5,1,1,11,0,16,2.2192938327789307,9072,4,4,16,3,2,9,63
2009,3.0,0.5,4,OPTIMAL,43.15,43.150000000000006,55.150000000000006,12.0,0.0,6.550000000000001,41.9,4.0,2.7,4,0,0,12,0,16,2.239335060119629,9072,4,4,16,3,2,9,63
2009,3.0,1.0,4,OPTIMAL,43.15,43.150000000000006,55.150000000000006,12.0,0.0,6.550000000000001,41.9,4.0,2.7,4,0,0,12,0,16,2.21635103225708,9072,4,4,16,3,2,9,63
2009,3.0,2.0,4,OPTIMAL,43.15,43.150000000000006,55.150000000000006,12.0,0.0,6.550000000000001,41.9,4.0,2.7,4,0,0,12,0,16,2.2185020446777344,9072,4,4,16,3,2,9,63
2009,3.0,3.0,4,OPTIMAL,43.15,43.150000000000006,55.150000000000006,12.0,0.0,6.550000000000001,41.9,4.0,2.7,4,0,0,12,0,16,2.220473289489746,9072,4,4,16,3,2,9,63
2010,0.0,0.0,4,OPTIMAL,44.4,44.400000000000006,44.400000000000006,0.0,0.0,4.2,40.2,0.0,0.0,0,4,16,16,0,16,2.115823745727539,9072,4,4,16,3,2,9,63
2010,0.0,0.1,4,OPTIMAL,46.0,46.00000000000001,44.400000000000006,0.0,1.6,4.2,40.2,0.0,0.0,0,4,16,16,0,16,2.2232449054718018,9072,4,4,16,3,2,9,63
2010,0.0,0.25,4,OPTIMAL,48.4,48.400000000000006,44.400000000000006,0.0,4.0,4.2,40.2,0.0,0.0,0,4,16,16,0,16,2.289992094039917,9072,4,4,16,3,2,9,63
2010,0.0,0.5,4,OPTIMAL,50.6,50.60000000000001,48.60000000000001,0.0,2.0,4.2,40.400000000000006,2.5,1.5,2,2,4,14,0,16,2.309314012527466,9072,4,4,16,3,2,9,63
2010,0.0,1.0,4,OPTIMAL,51.9,51.90000000000001,50.90000000000001,0.0,1.0,4.2,40.60000000000001,4.0,2.1,3,1,1,13,0,16,2.3326480388641357,9072,4,4,16,3,2,9,63
2010,0.0,2.0,4,OPTIMAL,52.9,52.90000000000001,50.90000000000001,0.0,2.0,4.2,40.60000000000001,4.0,2.1,3,1,1,13,0,16,2.308040142059326,9072,4,4,16,3,2,9,63
2010,0.0,3.0,4,OPTIMAL,53.3,53.300000000000004,53.300000000000004,0.0,0.0,4.1,40.900000000000006,5.0,3.3,4,0,0,12,0,16,2.2738327980041504,9072,4,4,16,3,2,9,63
2010,1.0,0.0,4,OPTIMAL,44.4,44.400000000000006,44.400000000000006,0.0,0.0,4.2,40.2,0.0,0.0,0,4,16,16,0,16,2.1319689750671387,9072,4,4,16,3,2,9,63
2010,1.0,0.1,4,OPTIMAL,46.0,46.00000000000001,44.400000000000006,0.0,1.6,4.2,40.2,0.0,0.0,0,4,16,16,0,16,2.2507898807525635,9072,4,4,16,3,2,9,63
2010,1.0,0.25,4,OPTIMAL,47.55,47.550000000000004,46.300000000000004,1.0,2.25,4.2,40.2,1.0,0.9,1,3,9,15,0,16,2.3394172191619873,9072,4,4,16,3,2,9,63
2010,1.0,0.5,4,OPTIMAL,48.4,48.40000000000001,50.90000000000001,3.0,0.5,4.2,40.60000000000001,4.0,2.1,3,1,1,13,0,16,2.361603021621704,9072,4,4,16,3,2,9,63
2010,1.0,1.0,4,OPTIMAL,48.9,48.90000000000001,50.90000000000001,3.0,1.0,4.2,40.60000000000001,4.0,2.1,3,1,1,13,0,16,2.3311259746551514,9072,4,4,16,3,2,9,63
2010,1.0,2.0,4,OPTIMAL,49.3,49.300000000000004,53.300000000000004,4.0,0.0,4.1,40.900000000000006,5.0,3.3,4,0,0,12,0,16,2.2742819786071777,9072,4,4,16,3,2,9,63
2010,1.0,3.0,4,OPTIMAL,49.3,49.300000000000004,53.300000000000004,4.0,0.0,4.1,40.900000000000006,5.0,3.3,4,0,0,12,0,16,2.2509071826934814,9072,4,4,16,3,2,9,63
2010,2.0,0.0,4,OPTIMAL,44.3,44.300000000000004,46.300000000000004,2.0,0.0,4.2,40.2,1.0,0.9,1,3,9,15,0,16,2.132066249847412,9072,4,4,16,3,2,9,63
2010,2.0,0.1,4,OPTIMAL,45.0,45.000000000000014,50.90000000000001,6.0,0.1,4.2,40.60000000000001,4.0,2.1,3,1,1,13,0,16,2.244178056716919,9072,4,4,16,3,2,9,63
2010,2.0,0.25,4,OPTIMAL,45.15,45.15000000000001,50.90000000000001,6.0,0.25,4.2,40.60000000000001,4.0,2.1,3,1,1,13,0,16,2.24172306060791,9072,4,4,16,3,2,9,63
2010,2.0,0.5,4,OPTIMAL,45.3,45.300000000000004,53.300000000000004,8.0,0.0,4.1,40.900000000000006,5.0,3.3,4,0,0,12,0,16,2.2056939601898193,9072,4,4,16,3,2,9,63
2010,2.0,1.0,4,OPTIMAL,45.3,45.300000000000004,53.300000000000004,8.0,0.0,4.1,40.900000000000006,5.0,3.3,4,0,0,12,0,16,2.2184529304504395,9072,4,4,16,3,2,9,63
2010,2.0,2.0,4,OPTIMAL,45.3,45.300000000000004,53.300000000000004,8.0,0.0,4.1,40.900000000000006,5.0,3.3,4,0,0,12,0,16,2.1902499198913574,9072,4,4,16,3,2,9,63
2010,2.0,3.0,4,OPTIMAL,45.3,45.300000000000004,53.300000000000004,8.0,0.0,4.1,40.900000000000006,5.0,3.3,4,0,0,12,0,16,2.2053587436676025,9072,4,4,16,3,2,9,63
2010,2.5,0.0,4,OPTIMAL,43.3,43.300000000000004,53.300000000000004,10.0,0.0,4.1,40.900000000000006,5.0,3.3,4,0,0,12,0,16,2.142056941986084,9072,4,4,16,3,2,9,63
2010,2.5,0.1,4,OPTIMAL,43.3,43.300000000000004,53.300000000000004,10.0,0.0,4.1,40.900000000000006,5.0,3.3,4,0,0,12,0,16,2.1280300617218018,9072,4,4,16,3,2,9,63
2010,2.5,0.25,4,OPTIMAL,43.3,43.300000000000004,53.300000000000004,10.0,0.0,4.1,40.900000000000006,5.0,3.3,4,0,0,12,0,16,2.163691997528076,9072,4,4,16,3,2,9,63
2010,2.5,0.5,4,OPTIMAL,43.3,43.300000000000004,53.300000000000004,10.0,0.0,4.1,40.900000000000006,5.0,3.3,4,0,0,12,0,16,2.1827030181884766,9072,4,4,16,3,2,9,63
2010,2.5,1.0,4,OPTIMAL,43.3,43.300000000000004,53.300000000000004,10.0,0.0,4.1,40.900000000000006,5.0,3.3,4,0,0,12,0,16,2.135108709335327,9072,4,4,16,3,2,9,63
2010,2.5,2.0,4,OPTIMAL,43.3,43.300000000000004,53.300000000000004,10.0,0.0,4.1,40.900000000000006,5.0,3.3,4,0,0,12,0,16,2.161651134490967,9072,4,4,16,3,2,9,63
2010,2.5,3.0,4,OPTIMAL,43.3,43.300000000000004,53.300000000000004,10.0,0.0,4.1,40.900000000000006,5.0,3.3,4,0,0,12,0,16,2.1520111560821533,9072,4,4,16,3,2,9,63
2010,3.0,0.0,4,OPTIMAL,40.55,40.55000000000001,67.55000000000001,27.0,0.0,4.45,44.10000000000001,10.0,9.0,9,5,25,7,0,16,2.135251045227051,9072,4,4,16,3,2,9,63
2010,3.0,0.1,4,OPTIMAL,41.0,41.000000000000014,55.90000000000001,15.0,0.1,4.1,41.30000000000001,6.0,4.5,5,1,1,11,0,16,2.2130038738250732,9072,4,4,16,3,2,9,63
2010,3.0,0.25,4,OPTIMAL,41.15,41.15000000000001,55.90000000000001,15.0,0.25,4.1,41.30000000000001,6.0,4.5,5,1,1,11,0,16,2.223027229309082,9072,4,4,16,3,2,9,63
2010,3.0,0.5,4,OPTIMAL,41.3,41.300000000000004,53.300000000000004,12.0,0.0,4.1,40.900000000000006,5.0,3.3,4,0,0,12,0,16,2.259669065475464,9072,4,4,16,3,2,9,63
2010,3.0,1.0,4,OPTIMAL,41.3,41.300000000000004,53.300000000000004,12.0,0.0,4.1,40.900000000000006,5.0,3.3,4,0,0,12,0,16,2.197627067565918,9072,4,4,16,3,2,9,63
2010,3.0,2.0,4,OPTIMAL,41.3,41.300000000000004,53.300000000000004,12.0,0.0,4.1,40.900000000000006,5.0,3.3,4,0,0,12,0,16,2.194770097732544,9072,4,4,16,3,2,9,63
2010,3.0,3.0,4,OPTIMAL,41.3,41.300000000000004,53.300000000000004,12.0,0.0,4.1,40.900000000000006,5.0,3.3,4,0,0,12,0,16,2.233320951461792,9072,4,4,16,3,2,9,63
