seed,human_reward,overuse_penalty,target_human_assignments,status,objective_cp_sat,adjusted_objective_manual,total_cost_without_reward,reward_term,overuse_penalty_term,start_time_cost,assignment_cost,workload,ergonomic,human_assignments,overuse_count,distance_from_target,machine_assignments,robot_assignments,num_selected_operations,wall_seconds,num_binary_variables,jobs,machines,operations,workers,robots,resources,planning_horizon
2001,2.5,0.0,4,OPTIMAL,42.6,42.60000000000001,52.60000000000001,10.0,0.0,4.300000000000001,41.300000000000004,4.0,3.0,4,0,0,12,0,16,1.8813941478729248,9072,4,4,16,3,2,9,63
2001,2.5,0.5,4,OPTIMAL,42.6,42.60000000000001,52.60000000000001,10.0,0.0,4.300000000000001,41.300000000000004,4.0,3.0,4,0,0,12,0,16,1.9551210403442383,9072,4,4,16,3,2,9,63
2001,2.5,1.0,4,OPTIMAL,42.6,42.60000000000001,52.60000000000001,10.0,0.0,4.300000000000001,41.300000000000004,4.0,3.0,4,0,0,12,0,16,1.9582111835479736,9072,4,4,16,3,2,9,63
2001,2.5,2.0,4,OPTIMAL,42.6,42.60000000000001,52.60000000000001,10.0,0.0,4.300000000000001,41.300000000000004,4.0,3.0,4,0,0,12,0,16,2.0033092498779297,9072,4,4,16,3,2,9,63
2001,2.5,3.0,4,OPTIMAL,42.6,42.60000000000001,52.60000000000001,10.0,0.0,4.300000000000001,41.300000000000004,4.0,3.0,4,0,0,12,0,16,1.942854881286621,9072,4,4,16,3,2,9,63
2001,2.5,4.0,4,OPTIMAL,42.6,42.60000000000001,52.60000000000001,10.0,0.0,4.300000000000001,41.300000000000004,4.0,3.0,4,0,0,12,0,16,1.9262290000915527,9072,4,4,16,3,2,9,63
2001,3.0,0.0,4,OPTIMAL,39.35,39.35000000000001,66.35000000000001,27.0,0.0,4.45,42.80000000000001,11.0,8.1,9,5,5,7,0,16,1.8571441173553467,9072,4,4,16,3,2,9,63
2001,3.0,0.5,4,OPTIMAL,40.6,40.60000000000001,52.60000000000001,12.0,0.0,4.300000000000001,41.300000000000004,4.0,3.0,4,0,0,12,0,16,2.0101897716522217,9072,4,4,16,3,2,9,63
2001,3.0,1.0,4,OPTIMAL,40.6,40.60000000000001,52.60000000000001,12.0,0.0,4.300000000000001,41.300000000000004,4.0,3.0,4,0,0,12,0,16,1.99587082862854,9072,4,4,16,3,2,9,63
2001,3.0,2.0,4,OPTIMAL,40.6,40.60000000000001,52.60000000000001,12.0,0.0,4.300000000000001,41.300000000000004,4.0,3.0,4,0,0,12,0,16,1.9612581729888916,9072,4,4,16,3,2,9,63
2001,3.0,3.0,4,OPTIMAL,40.6,40.60000000000001,52.60000000000001,12.0,0.0,4.300000000000001,41.300000000000004,4.0,3.0,4,0,0,12,0,16,1.9913170337677002,9072,4,4,16,3,2,9,63
2001,3.0,4.0,4,OPTIMAL,40.6,40.60000000000001,52.60000000000001,12.0,0.0,4.300000000000001,41.300000000000004,4.0,3.0,4,0,0,12,0,16,1.9851040840148926,9072,4,4,16,3,2,9,63
2001,3.5,0.0,4,OPTIMAL,33.15,33.14999999999999,85.64999999999999,52.5,0.0,6.050000000000001,46.7,18.5,14.399999999999997,15,11,11,1,0,16,2.113816738128662,9072,4,4,16,3,2,9,63
2001,3.5,0.5,4,OPTIMAL,37.35,37.35000000000001,69.35000000000001,35.0,3.0,4.65,43.400000000000006,12.0,9.299999999999999,10,6,6,6,0,16,2.0073800086975098,9072,4,4,16,3,2,9,63
2001,3.5,1.0,4,OPTIMAL,38.6,38.60000000000001,52.60000000000001,14.0,0.0,4.300000000000001,41.300000000000004,4.0,3.0,4,0,0,12,0,16,2.4532039165496826,9072,4,4,16,3,2,9,63
2001,3.5,2.0,4,OPTIMAL,38.6,38.60000000000001,52.60000000000001,14.0,0.0,4.300000000000001,41.300000000000004,4.0,3.0,4,0,0,12,0,16,2.042788028717041,9072,4,4,16,3,2,9,63
2001,3.5,3.0,4,OPTIMAL,38.6,38.60000000000001,52.60000000000001,14.0,0.0,4.300000000000001,41.300000000000004,4.0,3.0,4,0,0,12,0,16,2.0483949184417725,9072,4,4,16,3,2,9,63
2001,3.5,4.0,4,OPTIMAL,38.6,38.60000000000001,52.60000000000001,14.0,0.0,4.300000000000001,41.300000000000004,4.0,3.0,4,0,0,12,0,16,2.257720708847046,9072,4,4,16,3,2,9,63
2002,2.5,0.0,4,OPTIMAL,42.45,42.449999999999996,59.949999999999996,17.5,0.0,3.6500000000000004,43.199999999999996,8.0,5.1000000000000005,7,3,3,9,0,16,1.7989318370819092,9072,4,4,16,3,2,9,63
2002,2.5,0.5,4,OPTIMAL,42.65,42.64999999999999,52.64999999999999,10.0,0.0,3.75,41.49999999999999,5.0,2.4,4,0,0,12,0,16,1.890584945678711,9072,4,4,16,3,2,9,63
2002,2.5,1.0,4,OPTIMAL,42.65,42.64999999999999,52.64999999999999,10.0,0.0,3.75,41.49999999999999,5.0,2.4,4,0,0,12,0,16,1.8999831676483154,9072,4,4,16,3,2,9,63
2002,2.5,2.0,4,OPTIMAL,42.65,42.64999999999999,52.64999999999999,10.0,0.0,3.75,41.49999999999999,5.0,2.4,4,0,0,12,0,16,1.8901209831237793,9072,4,4,16,3,2,9,63
2002,2.5,3.0,4,OPTIMAL,42.65,42.64999999999999,52.64999999999999,10.0,0.0,3.75,41.49999999999999,5.0,2.4,4,0,0,12,0,16,1.8930327892303467,9072,4,4,16,3,2,9,63
2002,2.5,4.0,4,OPTIMAL,42.65,42.64999999999999,52.64999999999999,10.0,0.0,3.75,41.49999999999999,5.0,2.4,4,0,0,12,0,16,1.9075560569763184,9072,4,4,16,3,2,9,63
2002,3.0,0.0,4,OPTIMAL,38.6,38.599999999999994,68.6,30.0,0.0,3.7,44.599999999999994,12.5,7.800000000000001,10,6,6,6,0,16,1.8135061264038086,9072,4,4,16,3,2,9,63
2002,3.0,0.5,4,OPTIMAL,40.45,40.449999999999996,57.449999999999996,18.0,1.0,3.75,42.199999999999996,7.0,4.5,6,2,2,10,0,16,1.9210898876190186,9072,4,4,16,3,2,9,63
2002,3.0,1.0,4,OPTIMAL,40.65,40.64999999999999,52.64999999999999,12.0,0.0,3.75,41.49999999999999,5.0,2.4,4,0,0,12,0,16,1.9207391738891602,9072,4,4,16,3,2,9,63
2002,3.0,2.0,4,OPTIMAL,40.65,40.64999999999999,52.64999999999999,12.0,0.0,3.75,41.49999999999999,5.0,2.4,4,0,0,12,0,16,1.9356780052185059,9072,4,4,16,3,2,9,63
2002,3.0,3.0,4,OPTIMAL,40.65,40.64999999999999,52.64999999999999,12.0,0.0,3.75,41.49999999999999,5.0,2.4,4,0,0,12,0,16,1.9377052783966064,9072,4,4,16,3,2,9,63
2002,3.0,4.0,4,OPTIMAL,40.65,40.64999999999999,52.64999999999999,12.0,0.0,3.75,41.49999999999999,5.0,2.4,4,0,0,12,0,16,1.919245958328247,9072,4,4,16,3,2,9,63
2002,3.5,0.0,4,OPTIMAL,32.5,32.5,78.0,45.5,0.0,4.200000000000001,45.599999999999994,18.0,10.2,13,9,9,3,0,16,1.8200111389160156,9072,4,4,16,3,2,9,63
2002,3.5,0.5,4,OPTIMAL,36.6,36.599999999999994,71.6,38.5,3.5,3.7,44.9,14.0,8.999999999999998,11,7,7,5,0,16,1.9591419696807861,9072,4,4,16,3,2,9,63
2002,3.5,1.0,4,OPTIMAL,38.45,38.449999999999996,59.949999999999996,24.5,3.0,3.6500000000000004,43.199999999999996,8.0,5.1000000000000005,7,3,3,9,0,16,1.9495580196380615,9072,4,4,16,3,2,9,63
2002,3.5,2.0,4,OPTIMAL,38.65,38.64999999999999,52.64999999999999,14.0,0.0,3.75,41.49999999999999,5.0,2.4,4,0,0,12,0,16,1.9649322032928467,9072,4,4,16,3,2,9,63
2002,3.5,3.0,4,OPTIMAL,38.65,38.64999999999999,52.64999999999999,14.0,0.0,3.75,41.49999999999999,5.0,2.4,4,0,0,12,0,16,1.9716989994049072,9072,4,4,16,3,2,9,63
2002,3.5,4.0,4,OPTIMAL,38.65,38.64999999999999,52.64999999999999,14.0,0.0,3.75,41.49999999999999,5.0,2.4,4,0,0,12,0,16,1.9428009986877441,9072,4,4,16,3,2,9,63
2003,2.5,0.0,4,OPTIMAL,45.15,45.150000000000006,52.650000000000006,7.5,0.0,5.750000000000001,41.50000000000001,3.0,2.4,3,0,1,13,0,16,1.8999948501586914,9072,4,4,16,3,2,9,63
2003,2.5,0.5,4,OPTIMAL,45.15,45.15,52.65,7.5,0.0,6.050000000000001,41.2,3.0,2.4,3,0,1,13,0,16,1.989537000656128,9072,4,4,16,3,2,9,63
2003,2.5,1.0,4,OPTIMAL,45.15,45.150000000000006,50.150000000000006,5.0,0.0,5.750000000000001,40.900000000000006,2.0,1.5,2,0,2,14,0,16,1.9820082187652588,9072,4,4,16,3,2,9,63
2003,2.5,2.0,4,OPTIMAL,45.15,45.15,52.65,7.5,0.0,6.050000000000001,41.2,3.0,2.4,3,0,1,13,0,16,1.9499099254608154,9072,4,4,16,3,2,9,63
2003,2.5,3.0,4,OPTIMAL,45.15,45.150000000000006,52.650000000000006,7.5,0.0,5.750000000000001,41.50000000000001,3.0,2.4,3,0,1,13,0,16,2.0226941108703613,9072,4,4,16,3,2,9,63
2003,2.5,4.0,4,OPTIMAL,45.15,45.150000000000006,52.650000000000006,7.5,0.0,5.750000000000001,41.50000000000001,3.0,2.4,3,0,1,13,0,16,2.0241878032684326,9072,4,4,16,3,2,9,63
2003,3.0,0.0,4,OPTIMAL,42.2,42.2,66.2,24.0,0.0,6.300000000000002,43.599999999999994,10.0,6.3,8,4,4,8,0,16,1.988708257675171,9072,4,4,16,3,2,9,63
2003,3.0,0.5,4,OPTIMAL,43.25,43.25,55.25,12.0,0.0,6.250000000000001,42.0,4.0,3.0,4,0,0,12,0,16,2.030007839202881,9072,4,4,16,3,2,9,63
2003,3.0,1.0,4,OPTIMAL,43.25,43.25,55.25,12.0,0.0,6.250000000000001,42.0,4.0,3.0,4,0,0,12,0,16,2.0579400062561035,9072,4,4,16,3,2,9,63
2003,3.0,2.0,4,OPTIMAL,43.25,43.25,55.25,12.0,0.0,6.050000000000001,41.400000000000006,4.5,3.3,4,0,0,12,0,16,2.0665717124938965,9072,4,4,16,3,2,9,63
2003,3.0,3.0,4,OPTIMAL,43.25,43.25,55.25,12.0,0.0,6.250000000000001,42.0,4.0,3.0,4,0,0,12,0,16,1.9924509525299072,9072,4,4,16,3,2,9,63
2003,3.0,4.0,4,OPTIMAL,43.25,43.25,55.25,12.0,0.0,6.250000000000001,42.0,4.0,3.0,4,0,0,12,0,16,2.0116209983825684,9072,4,4,16,3,2,9,63
2003,3.5,0.0,4,OPTIMAL,36.8,36.80000000000001,78.80000000000001,42.0,0.0,7.600000000000001,45.8,15.5,9.9,12,8,8,4,0,16,2.1452231407165527,9072,4,4,16,3,2,9,63
2003,3.5,0.5,4,OPTIMAL,40.2,40.2,66.2,28.0,2.0,6.300000000000002,43.599999999999994,10.0,6.3,8,4,4,8,0,16,2.165347099304199,9072,4,4,16,3,2,9,63
2003,3.5,1.0,4,OPTIMAL,41.25,41.25,55.25,14.0,0.0,6.250000000000001,42.0,4.0,3.0,4,0,0,12,0,16,2.056549072265625,9072,4,4,16,3,2,9,63
2003,3.5,2.0,4,OPTIMAL,41.25,41.25,55.25,14.0,0.0,6.250000000000001,42.0,4.0,3.0,4,0,0,12,0,16,2.058560848236084,9072,4,4,16,3,2,9,63
2003,3.5,3.0,4,OPTIMAL,41.25,41.25,55.25,14.0,0.0,6.250000000000001,42.0,4.0,3.0,4,0,0,12,0,16,2.044853925704956,9072,4,4,16,3,2,9,63
2003,3.5,4.0,4,OPTIMAL,41.25,41.25,55.25,14.0,0.0,6.250000000000001,42.0,4.0,3.0,4,0,0,12,0,16,2.0555009841918945,9072,4,4,16,3,2,9,63
2004,2.5,0.0,4,OPTIMAL,45.7,45.7,53.2,7.5,0.0,5.999999999999999,41.1,4.0,2.1,3,0,1,13,0,16,1.880640983581543,9072,4,4,16,3,2,9,63
2004,2.5,0.5,4,OPTIMAL,45.7,45.7,53.2,7.5,0.0,5.999999999999999,41.1,4.0,2.1,3,0,1,13,0,16,1.9921290874481201,9072,4,4,16,3,2,9,63
2004,2.5,1.0,4,OPTIMAL,45.7,45.7,53.2,7.5,0.0,5.999999999999999,41.1,4.0,2.1,3,0,1,13,0,16,1.9988689422607422,9072,4,4,16,3,2,9,63
2004,2.5,2.0,4,OPTIMAL,45.7,45.7,53.2,7.5,0.0,5.999999999999999,41.1,4.0,2.1,3,0,1,13,0,16,1.9902379512786865,9072,4,4,16,3,2,9,63
2004,2.5,3.0,4,OPTIMAL,45.7,45.7,53.2,7.5,0.0,5.999999999999999,41.1,4.0,2.1,3,0,1,13,0,16,1.9958760738372803,9072,4,4,16,3,2,9,63
2004,2.5,4.0,4,OPTIMAL,45.7,45.7,53.2,7.5,0.0,5.999999999999999,41.1,4.0,2.1,3,0,1,13,0,16,2.0021369457244873,9072,4,4,16,3,2,9,63
2004,3.0,0.0,4,OPTIMAL,43.6,43.599999999999994,67.6,24.0,0.0,6.5,44.0,12.0,5.1,8,4,4,8,0,16,1.9969708919525146,9072,4,4,16,3,2,9,63
2004,3.0,0.5,4,OPTIMAL,43.9,43.900000000000006,55.900000000000006,12.0,0.0,5.999999999999999,41.7,5.5,2.7,4,0,0,12,0,16,1.9816381931304932,9072,4,4,16,3,2,9,63
2004,3.0,1.0,4,OPTIMAL,43.9,43.900000000000006,55.900000000000006,12.0,0.0,5.999999999999999,41.7,5.5,2.7,4,0,0,12,0,16,2.021345615386963,9072,4,4,16,3,2,9,63
2004,3.0,2.0,4,OPTIMAL,43.9,43.900000000000006,55.900000000000006,12.0,0.0,5.999999999999999,41.7,5.5,2.7,4,0,0,12,0,16,2.021719217300415,9072,4,4,16,3,2,9,63
2004,3.0,3.0,4,OPTIMAL,43.9,43.900000000000006,55.900000000000006,12.0,0.0,5.999999999999999,41.7,5.5,2.7,4,0,0,12,0,16,1.990410327911377,9072,4,4,16,3,2,9,63
2004,3.0,4.0,4,OPTIMAL,43.9,43.900000000000006,55.900000000000006,12.0,0.0,5.999999999999999,41.7,5.5,2.7,4,0,0,12,0,16,1.9686410427093506,9072,4,4,16,3,2,9,63
2004,3.5,0.0,4,OPTIMAL,38.75,38.75,77.25,38.5,0.0,6.949999999999999,46.1,15.5,8.7,11,7,7,5,0,16,2.0614140033721924,9072,4,4,16,3,2,9,63
2004,3.5,0.5,4,OPTIMAL,41.6,41.60000000000001,70.60000000000001,31.5,2.5,6.6,44.7,13.0,6.299999999999999,9,5,5,7,0,16,2.075674057006836,9072,4,4,16,3,2,9,63
2004,3.5,1.0,4,OPTIMAL,41.9,41.900000000000006,55.900000000000006,14.0,0.0,5.999999999999999,41.7,5.5,2.7,4,0,0,12,0,16,2.062837839126587,9072,4,4,16,3,2,9,63
2004,3.5,2.0,4,OPTIMAL,41.9,41.900000000000006,55.900000000000006,14.0,0.0,5.999999999999999,41.7,5.5,2.7,4,0,0,12,0,16,2.0563340187072754,9072,4,4,16,3,2,9,63
2004,3.5,3.0,4,OPTIMAL,41.9,41.900000000000006,55.900000000000006,14.0,0.0,5.999999999999999,41.7,5.5,2.7,4,0,0,12,0,16,2.0912041664123535,9072,4,4,16,3,2,9,63
2004,3.5,4.0,4,OPTIMAL,41.9,41.900000000000006,55.900000000000006,14.0,0.0,5.999999999999999,41.7,5.5,2.7,4,0,0,12,0,16,2.0442841053009033,9072,4,4,16,3,2,9,63
2005,2.5,0.0,4,OPTIMAL,43.4,43.4,50.9,7.5,0.0,3.9,41.9,3.0,2.1,3,0,1,13,0,16,1.8218450546264648,9072,4,4,16,3,2,9,63
2005,2.5,0.5,4,OPTIMAL,43.4,43.4,50.9,7.5,0.0,3.9,41.9,3.0,2.1,3,0,1,13,0,16,1.913219928741455,9072,4,4,16,3,2,9,63
2005,2.5,1.0,4,OPTIMAL,43.4,43.4,50.9,7.5,0.0,3.9,41.9,3.0,2.1,3,0,1,13,0,16,1.9211111068725586,9072,4,4,16,3,2,9,63
2005,2.5,2.0,4,OPTIMAL,43.4,43.4,50.9,7.5,0.0,3.9,41.9,3.0,2.1,3,0,1,13,0,16,1.903123378753662,9072,4,4,16,3,2,9,63
2005,2.5,3.0,4,OPTIMAL,43.4,43.4,50.9,7.5,0.0,3.9,41.9,3.0,2.1,3,0,1,13,0,16,1.9321730136871338,9072,4,4,16,3,2,9,63
2005,2.5,4.0,4,OPTIMAL,43.4,43.4,50.9,7.5,0.0,3.9,41.9,3.0,2.1,3,0,1,13,0,16,1.9158589839935303,9072,4,4,16,3,2,9,63
2005,3.0,0.0,4,OPTIMAL,40.55,40.55,64.55,24.0,0.0,4.15,44.99999999999999,8.5,6.8999999999999995,8,4,4,8,0,16,1.817201852798462,9072,4,4,16,3,2,9,63
2005,3.0,0.5,4,OPTIMAL,41.5,41.49999999999999,53.49999999999999,12.0,0.0,3.9,42.89999999999999,4.0,2.7,4,0,0,12,0,16,1.910818099975586,9072,4,4,16,3,2,9,63
2005,3.0,1.0,4,OPTIMAL,41.5,41.49999999999999,53.49999999999999,12.0,0.0,3.9,42.89999999999999,4.0,2.7,4,0,0,12,0,16,1.9400169849395752,9072,4,4,16,3,2,9,63
2005,3.0,2.0,4,OPTIMAL,41.5,41.49999999999999,53.49999999999999,12.0,0.0,3.9,42.89999999999999,4.0,2.7,4,0,0,12,0,16,1.9838330745697021,9072,4,4,16,3,2,9,63
2005,3.0,3.0,4,OPTIMAL,41.5,41.49999999999999,53.49999999999999,12.0,0.0,3.9,42.89999999999999,4.0,2.7,4,0,0,12,0,16,1.9392402172088623,9072,4,4,16,3,2,9,63
2005,3.0,4.0,4,OPTIMAL,41.5,41.49999999999999,53.49999999999999,12.0,0.0,3.9,42.89999999999999,4.0,2.7,4,0,0,12,0,16,1.9350147247314453,9072,4,4,16,3,2,9,63
2005,3.5,0.0,4,OPTIMAL,34.55,34.55000000000001,87.05000000000001,52.5,0.0,5.050000000000001,49.1,18.5,14.399999999999999,15,11,11,1,0,16,2.3247811794281006,9072,4,4,16,3,2,9,63
2005,3.5,0.5,4,OPTIMAL,38.55,38.55,61.55,24.5,1.5,4.15,43.9,7.5,6.0,7,3,3,9,0,16,2.047363758087158,9072,4,4,16,3,2,9,63
2005,3.5,1.0,4,OPTIMAL,39.5,39.49999999999999,53.49999999999999,14.0,0.0,3.9,42.89999999999999,4.0,2.7,4,0,0,12,0,16,2.0147347450256348,9072,4,4,16,3,2,9,63
2005,3.5,2.0,4,OPTIMAL,39.5,39.49999999999999,53.49999999999999,14.0,0.0,3.9,42.89999999999999,4.0,2.7,4,0,0,12,0,16,1.9808189868927002,9072,4,4,16,3,2,9,63
2005,3.5,3.0,4,OPTIMAL,39.5,39.49999999999999,53.49999999999999,14.0,0.0,3.9,42.89999999999999,4.0,2.7,4,0,0,12,0,16,2.0188379287719727,9072,4,4,16,3,2,9,63
2005,3.5,4.0,4,OPTIMAL,39.5,39.49999999999999,53.49999999999999,14.0,0.0,3.9,42.89999999999999,4.0,2.7,4,0,0,12,0,16,1.9786350727081299,9072,4,4,16,3,2,9,63
2006,2.5,0.0,4,OPTIMAL,43.05,43.050000000000004,53.050000000000004,10.0,0.0,4.3500000000000005,41.800000000000004,4.5,2.4,4,0,0,12,0,16,1.8240580558776855,9072,4,4,16,3,2,9,63
2006,2.5,0.5,4,OPTIMAL,43.05,43.050000000000004,53.050000000000004,10.0,0.0,4.3500000000000005,41.800000000000004,4.5,2.4,4,0,0,12,0,16,1.576786994934082,9072,4,4,16,3,2,9,63
2006,2.5,1.0,4,OPTIMAL,43.05,43.050000000000004,53.050000000000004,10.0,0.0,4.3500000000000005,41.800000000000004,4.5,2.4,4,0,0,12,0,16,1.5203688144683838,9072,4,4,16,3,2,9,63
2006,2.5,2.0,4,OPTIMAL,43.05,43.050000000000004,53.050000000000004,10.0,0.0,4.3500000000000005,41.800000000000004,4.5,2.4,4,0,0,12,0,16,1.5593600273132324,9072,4,4,16,3,2,9,63
2006,2.5,3.0,4,OPTIMAL,43.05,43.050000000000004,53.050000000000004,10.0,0.0,4.3500000000000005,41.800000000000004,4.5,2.4,4,0,0,12,0,16,1.6096620559692383,9072,4,4,16,3,2,9,63
2006,2.5,4.0,4,OPTIMAL,43.05,43.050000000000004,53.050000000000004,10.0,0.0,4.3500000000000005,41.800000000000004,4.5,2.4,4,0,0,12,0,16,1.5975050926208496,9072,4,4,16,3,2,9,63
2006,3.0,0.0,4,OPTIMAL,39.55,39.55,69.55,30.0,0.0,4.65,44.9,12.5,7.499999999999998,10,6,6,6,0,16,1.8342761993408203,9072,4,4,16,3,2,9,63
2006,3.0,0.5,4,OPTIMAL,41.05,41.050000000000004,53.050000000000004,12.0,0.0,4.3500000000000005,41.800000000000004,4.5,2.4,4,0,0,12,0,16,1.5360567569732666,9072,4,4,16,3,2,9,63
2006,3.0,1.0,4,OPTIMAL,41.05,41.050000000000004,53.050000000000004,12.0,0.0,4.3500000000000005,41.800000000000004,4.5,2.4,4,0,0,12,0,16,1.5494401454925537,9072,4,4,16,3,2,9,63
2006,3.0,2.0,4,OPTIMAL,41.05,41.050000000000004,53.050000000000004,12.0,0.0,4.3500000000000005,41.800000000000004,4.5,2.4,4,0,0,12,0,16,1.5958521366119385,9072,4,4,16,3,2,9,63
2006,3.0,3.0,4,OPTIMAL,41.05,41.050000000000004,53.050000000000004,12.0,0.0,4.3500000000000005,41.800000000000004,4.5,2.4,4,0,0,12,0,16,1.5551459789276123,9072,4,4,16,3,2,9,63
2006,3.0,4.0,4,OPTIMAL,41.05,41.050000000000004,53.050000000000004,12.0,0.0,4.3500000000000005,41.800000000000004,4.5,2.4,4,0,0,12,0,16,1.6024951934814453,9072,4,4,16,3,2,9,63
2006,3.5,0.0,4,OPTIMAL,33.9,33.900000000000006,75.9,42.0,0.0,5.1,45.9,15.0,9.899999999999999,12,8,8,4,0,16,1.8403291702270508,9072,4,4,16,3,2,9,63
2006,3.5,0.5,4,OPTIMAL,37.55,37.55,69.55,35.0,3.0,4.65,44.9,12.5,7.499999999999998,10,6,6,6,0,16,1.6258249282836914,9072,4,4,16,3,2,9,63
2006,3.5,1.0,4,OPTIMAL,39.05,39.050000000000004,53.050000000000004,14.0,0.0,4.3500000000000005,41.800000000000004,4.5,2.4,4,0,0,12,0,16,1.5823020935058594,9072,4,4,16,3,2,9,63
2006,3.5,2.0,4,OPTIMAL,39.05,39.050000000000004,53.050000000000004,14.0,0.0,4.3500000000000005,41.800000000000004,4.5,2.4,4,0,0,12,0,16,1.716688871383667,9072,4,4,16,3,2,9,63
2006,3.5,3.0,4,OPTIMAL,39.05,39.050000000000004,53.050000000000004,14.0,0.0,4.3500000000000005,41.800000000000004,4.5,2.4,4,0,0,12,0,16,2.25309681892395,9072,4,4,16,3,2,9,63
2006,3.5,4.0,4,OPTIMAL,39.05,39.050000000000004,53.050000000000004,14.0,0.0,4.3500000000000005,41.800000000000004,4.5,2.4,4,0,0,12,0,16,1.5900349617004395,9072,4,4,16,3,2,9,63
2007,2.5,0.0,4,OPTIMAL,44.9,44.900000000000006,57.400000000000006,12.5,0.0,6.2,42.2,6.0,3.0,5,1,1,11,0,16,1.9140269756317139,9072,4,4,16,3,2,9,63
2007,2.5,0.5,4,OPTIMAL,44.9,44.900000000000006,54.900000000000006,10.0,0.0,6.6,41.400000000000006,4.5,2.4,4,0,0,12,0,16,1.9812419414520264,9072,4,4,16,3,2,9,63
2007,2.5,1.0,4,OPTIMAL,44.9,44.900000000000006,54.900000000000006,10.0,0.0,6.6,41.400000000000006,4.5,2.4,4,0,0,12,0,16,1.9892520904541016,9072,4,4,16,3,2,9,63
2007,2.5,2.0,4,OPTIMAL,44.9,44.900000000000006,54.900000000000006,10.0,0.0,6.6,41.400000000000006,4.5,2.4,4,0,0,12,0,16,1.9597446918487549,9072,4,4,16,3,2,9,63
2007,2.5,3.0,4,OPTIMAL,44.9,44.900000000000006,54.900000000000006,10.0,0.0,6.6,41.400000000000006,4.5,2.4,4,0,0,12,0,16,1.976619005203247,9072,4,4,16,3,2,9,63
2007,2.5,4.0,4,OPTIMAL,44.9,44.900000000000006,54.900000000000006,10.0,0.0,6.6,41.400000000000006,4.5,2.4,4,0,0,12,0,16,1.9928309917449951,9072,4,4,16,3,2,9,63
2007,3.0,0.0,4,OPTIMAL,41.75,41.75,68.75,27.0,0.0,6.35,43.8,12.0,6.6,9,5,5,7,0,16,1.9167158603668213,9072,4,4,16,3,2,9,63
2007,3.0,0.5,4,OPTIMAL,42.9,42.900000000000006,57.400000000000006,15.0,0.5,6.2,42.2,6.0,3.0,5,1,1,11,0,16,1.9725229740142822,9072,4,4,16,3,2,9,63
2007,3.0,1.0,4,OPTIMAL,42.9,42.900000000000006,54.900000000000006,12.0,0.0,6.6,41.400000000000006,4.5,2.4,4,0,0,12,0,16,1.967468023300171,9072,4,4,16,3,2,9,63
2007,3.0,2.0,4,OPTIMAL,42.9,42.900000000000006,54.900000000000006,12.0,0.0,6.6,41.400000000000006,4.5,2.4,4,0,0,12,0,16,2.0330088138580322,9072,4,4,16,3,2,9,63
2007,3.0,3.0,4,OPTIMAL,42.9,42.900000000000006,54.900000000000006,12.0,0.0,6.6,41.400000000000006,4.5,2.4,4,0,0,12,0,16,1.9805800914764404,9072,4,4,16,3,2,9,63
2007,3.0,4.0,4,OPTIMAL,42.9,42.900000000000006,54.900000000000006,12.0,0.0,6.6,41.400000000000006,4.5,2.4,4,0,0,12,0,16,1.9735920429229736,9072,4,4,16,3,2,9,63
2007,3.5,0.0,4,OPTIMAL,36.25,36.25,78.25,42.0,0.0,7.3500000000000005,45.8,15.5,9.6,12,8,8,4,0,16,1.9350781440734863,9072,4,4,16,3,2,9,63
2007,3.5,0.5,4,OPTIMAL,39.75,39.75,68.75,31.5,2.5,6.35,43.8,12.0,6.6,9,5,5,7,0,16,2.0081889629364014,9072,4,4,16,3,2,9,63
2007,3.5,1.0,4,OPTIMAL,40.9,40.900000000000006,57.400000000000006,17.5,1.0,6.2,42.2,6.0,3.0,5,1,1,11,0,16,2.0592598915100098,9072,4,4,16,3,2,9,63
2007,3.5,2.0,4,OPTIMAL,40.9,40.900000000000006,54.900000000000006,14.0,0.0,6.6,41.400000000000006,4.5,2.4,4,0,0,12,0,16,2.2749557495117188,9072,4,4,16,3,2,9,63
2007,3.5,3.0,4,OPTIMAL,40.9,40.900000000000006,54.900000000000006,14.0,0.0,6.6,41.400000000000006,4.5,2.4,4,0,0,12,0,16,2.444545030593872,9072,4,4,16,3,2,9,63
2007,3.5,4.0,4,OPTIMAL,40.9,40.900000000000006,54.900000000000006,14.0,0.0,6.6,41.400000000000006,4.5,2.4,4,0,0,12,0,16,2.4835550785064697,9072,4,4,16,3,2,9,63
2008,2.5,0.0,4,OPTIMAL,46.55,46.55,54.05,7.5,0.0,6.95,41.199999999999996,3.5,2.4,3,0,1,13,0,16,1.8871970176696777,9072,4,4,16,3,2,9,63
2008,2.5,0.5,4,OPTIMAL,46.55,46.55,54.05,7.5,0.0,6.95,41.199999999999996,3.5,2.4,3,0,1,13,0,16,1.9412059783935547,9072,4,4,16,3,2,9,63
2008,2.5,1.0,4,OPTIMAL,46.55,46.55,54.05,7.5,0.0,6.95,41.199999999999996,3.5,2.4,3,0,1,13,0,16,1.9488189220428467,9072,4,4,16,3,2,9,63
2008,2.5,2.0,4,OPTIMAL,46.55,46.55,54.05,7.5,0.0,6.95,41.199999999999996,3.5,2.4,3,0,1,13,0,16,1.9230961799621582,9072,4,4,16,3,2,9,63
2008,2.5,3.0,4,OPTIMAL,46.55,46.55,54.05,7.5,0.0,6.95,41.199999999999996,3.5,2.4,3,0,1,13,0,16,1.9350337982177734,9072,4,4,16,3,2,9,63
2008,2.5,4.0,4,OPTIMAL,46.55,46.55,54.05,7.5,0.0,6.95,41.199999999999996,3.5,2.4,3,0,1,13,0,16,1.963888168334961,9072,4,4,16,3,2,9,63
2008,3.0,0.0,4,OPTIMAL,44.55,44.55,59.55,15.0,0.0,7.1499999999999995,41.699999999999996,6.5,4.2,5,1,1,11,0,16,1.9335308074951172,9072,4,4,16,3,2,9,63
2008,3.0,0.5,4,OPTIMAL,44.75,44.74999999999999,56.74999999999999,12.0,0.0,7.1499999999999995,41.49999999999999,4.5,3.5999999999999996,4,0,0,12,0,16,1.9580652713775635,9072,4,4,16,3,2,9,63
2008,3.0,1.0,4,OPTIMAL,44.75,44.74999999999999,56.74999999999999,12.0,0.0,7.1499999999999995,41.49999999999999,4.5,3.5999999999999996,4,0,0,12,0,16,1.9541208744049072,9072,4,4,16,3,2,9,63
2008,3.0,2.0,4,OPTIMAL,44.75,44.74999999999999,56.74999999999999,12.0,0.0,7.1499999999999995,41.49999999999999,4.5,3.5999999999999996,4,0,0,12,0,16,1.9476349353790283,9072,4,4,16,3,2,9,63
2008,3.0,3.0,4,OPTIMAL,44.75,44.74999999999999,56.74999999999999,12.0,0.0,7.1499999999999995,41.49999999999999,4.5,3.5999999999999996,4,0,0,12,0,16,1.9549551010131836,9072,4,4,16,3,2,9,63
2008,3.0,4.0,4,OPTIMAL,44.75,44.74999999999999,56.74999999999999,12.0,0.0,7.1499999999999995,41.49999999999999,4.5,3.5999999999999996,4,0,0,12,0,16,1.947011947631836,9072,4,4,16,3,2,9,63
2008,3.5,0.0,4,OPTIMAL,40.2,40.2,78.7,38.5,0.0,8.4,45.099999999999994,15.0,10.199999999999998,11,7,7,5,0,16,1.9087028503417969,9072,4,4,16,3,2,9,63
2008,3.5,0.5,4,OPTIMAL,42.55,42.54999999999999,62.54999999999999,21.0,1.0,7.249999999999999,42.09999999999999,7.5,5.7,6,2,2,10,0,16,1.9921681880950928,9072,4,4,16,3,2,9,63
2008,3.5,1.0,4,OPTIMAL,42.75,42.74999999999999,56.74999999999999,14.0,0.0,7.1499999999999995,41.49999999999999,4.5,3.5999999999999996,4,0,0,12,0,16,1.9402358531951904,9072,4,4,16,3,2,9,63
2008,3.5,2.0,4,OPTIMAL,42.75,42.74999999999999,56.74999999999999,14.0,0.0,7.1499999999999995,41.49999999999999,4.5,3.5999999999999996,4,0,0,12,0,16,1.982414722442627,9072,4,4,16,3,2,9,63
2008,3.5,3.0,4,OPTIMAL,42.75,42.74999999999999,56.74999999999999,14.0,0.0,7.1499999999999995,41.49999999999999,4.5,3.5999999999999996,4,0,0,12,0,16,1.9806389808654785,9072,4,4,16,3,2,9,63
2008,3.5,4.0,4,OPTIMAL,42.75,42.74999999999999,56.74999999999999,14.0,0.0,7.1499999999999995,41.49999999999999,4.5,3.5999999999999996,4,0,0,12,0,16,2.0058319568634033,9072,4,4,16,3,2,9,63
2009,2.5,0.0,4,OPTIMAL,45.15,45.150000000000006,55.150000000000006,10.0,0.0,6.550000000000001,41.9,4.0,2.7,4,0,0,12,0,16,1.914740800857544,9072,4,4,16,3,2,9,63
2009,2.5,0.5,4,OPTIMAL,45.15,45.150000000000006,55.150000000000006,10.0,0.0,6.550000000000001,41.9,4.0,2.7,4,0,0,12,0,16,1.9743311405181885,9072,4,4,16,3,2,9,63
2009,2.5,1.0,4,OPTIMAL,45.15,45.150000000000006,55.150000000000006,10.0,0.0,6.550000000000001,41.9,4.0,2.7,4,0,0,12,0,16,1.9712810516357422,9072,4,4,16,3,2,9,63
2009,2.5,2.0,4,OPTIMAL,45.15,45.150000000000006,55.150000000000006,10.0,0.0,6.550000000000001,41.9,4.0,2.7,4,0,0,12,0,16,1.9734928607940674,9072,4,4,16,3,2,9,63
2009,2.5,3.0,4,OPTIMAL,45.15,45.150000000000006,55.150000000000006,10.0,0.0,6.550000000000001,41.9,4.0,2.7,4,0,0,12,0,16,1.9528379440307617,9072,4,4,16,3,2,9,63
2009,2.5,4.0,4,OPTIMAL,45.15,45.150000000000006,55.150000000000006,10.0,0.0,6.550000000000001,41.9,4.0,2.7,4,0,0,12,0,16,1.9770269393920898,9072,4,4,16,3,2,9,63
2009,3.0,0.0,4,OPTIMAL,42.0,42.0,69.0,27.0,0.0,7.0,44.0,10.5,7.499999999999998,9,5,5,7,0,16,1.9224708080291748,9072,4,4,16,3,2,9,63
2009,3.0,0.5,4,OPTIMAL,43.15,43.150000000000006,55.150000000000006,12.0,0.0,6.550000000000001,41.9,4.0,2.7,4,0,0,12,0,16,1.9881789684295654,9072,4,4,16,3,2,9,63
2009,3.0,1.0,4,OPTIMAL,43.15,43.150000000000006,55.150000000000006,12.0,0.0,6.550000000000001,41.9,4.0,2.7,4,0,0,12,0,16,1.9501912593841553,9072,4,4,16,3,2,9,63
2009,3.0,2.0,4,OPTIMAL,43.15,43.150000000000006,55.150000000000006,12.0,0.0,6.550000000000001,41.9,4.0,2.7,4,0,0,12,0,16,2.0288538932800293,9072,4,4,16,3,2,9,63
2009,3.0,3.0,4,OPTIMAL,43.15,43.150000000000006,55.150000000000006,12.0,0.0,6.550000000000001,41.9,4.0,2.7,4,0,0,12,0,16,2.0109329223632812,9072,4,4,16,3,2,9,63
2009,3.0,4.0,4,OPTIMAL,43.15,43.150000000000006,55.150000000000006,12.0,0.0,6.550000000000001,41.9,4.0,2.7,4,0,0,12,0,16,1.9594130516052246,9072,4,4,16,3,2,9,63
2009,3.5,0.0,4,OPTIMAL,37.2,37.19999999999999,75.69999999999999,38.5,0.0,7.900000000000001,45.2,13.0,9.6,11,7,7,5,0,16,1.971580982208252,9072,4,4,16,3,2,9,63
2009,3.5,0.5,4,OPTIMAL,40.0,40.0,69.0,31.5,2.5,7.0,44.0,10.5,7.499999999999998,9,5,5,7,0,16,2.0401151180267334,9072,4,4,16,3,2,9,63
2009,3.5,1.0,4,OPTIMAL,41.15,41.150000000000006,55.150000000000006,14.0,0.0,6.550000000000001,41.9,4.0,2.7,4,0,0,12,0,16,2.078608989715576,9072,4,4,16,3,2,9,63
2009,3.5,2.0,4,OPTIMAL,41.15,41.150000000000006,55.150000000000006,14.0,0.0,6.550000000000001,41.9,4.0,2.7,4,0,0,12,0,16,2.2700679302215576,9072,4,4,16,3,2,9,63
2009,3.5,3.0,4,OPTIMAL,41.15,41.150000000000006,55.150000000000006,14.0,0.0,6.550000000000001,41.9,4.0,2.7,4,0,0,12,0,16,2.0517079830169678,9072,4,4,16,3,2,9,63
2009,3.5,4.0,4,OPTIMAL,41.15,41.150000000000006,55.150000000000006,14.0,0.0,6.550000000000001,41.9,4.0,2.7,4,0,0,12,0,16,2.0416030883789062,9072,4,4,16,3,2,9,63
2010,2.5,0.0,4,OPTIMAL,43.3,43.300000000000004,53.300000000000004,10.0,0.0,4.1,40.900000000000006,5.0,3.3,4,0,0,12,0,16,1.881965160369873,9072,4,4,16,3,2,9,63
2010,2.5,0.5,4,OPTIMAL,43.3,43.300000000000004,53.300000000000004,10.0,0.0,4.1,40.900000000000006,5.0,3.3,4,0,0,12,0,16,1.960892915725708,9072,4,4,16,3,2,9,63
2010,2.5,1.0,4,OPTIMAL,43.3,43.300000000000004,53.300000000000004,10.0,0.0,4.1,40.900000000000006,5.0,3.3,4,0,0,12,0,16,1.9656038284301758,9072,4,4,16,3,2,9,63
2010,2.5,2.0,4,OPTIMAL,43.3,43.300000000000004,53.300000000000004,10.0,0.0,4.1,40.900000000000006,5.0,3.3,4,0,0,12,0,16,1.963075876235962,9072,4,4,16,3,2,9,63
2010,2.5,3.0,4,OPTIMAL,43.3,43.300000000000004,53.300000000000004,10.0,0.0,4.1,40.900000000000006,5.0,3.3,4,0,0,12,0,16,1.9615709781646729,9072,4,4,16,3,2,9,63
2010,2.5,4.0,4,OPTIMAL,43.3,43.300000000000004,53.300000000000004,10.0,0.0,4.1,40.900000000000006,5.0,3.3,4,0,0,12,0,16,1.9566779136657715,9072,4,4,16,3,2,9,63
2010,3.0,0.0,4,OPTIMAL,40.55,40.55000000000001,64.55000000000001,24.0,0.0,4.35,43.7,9.0,7.500000000000001,8,4,4,8,0,16,1.8722681999206543,9072,4,4,16,3,2,9,63
2010,3.0,0.5,4,OPTIMAL,41.3,41.300000000000004,53.300000000000004,12.0,0.0,4.1,40.900000000000006,5.0,3.3,4,0,0,12,0,16,1.9708600044250488,9072,4,4,16,3,2,9,63
2010,3.0,1.0,4,OPTIMAL,41.3,41.300000000000004,53.300000000000004,12.0,0.0,4.1,40.900000000000006,5.0,3.3,4,0,0,12,0,16,1.9691720008850098,9072,4,4,16,3,2,9,63
2010,3.0,2.0,4,OPTIMAL,41.3,41.300000000000004,53.300000000000004,12.0,0.0,4.1,40.900000000000006,5.0,3.3,4,0,0,12,0,16,1.9522829055786133,9072,4,4,16,3,2,9,63
2010,3.0,3.0,4,OPTIMAL,41.3,41.300000000000004,53.300000000000004,12.0,0.0,4.1,40.900000000000006,5.0,3.3,4,0,0,12,0,16,1.9522438049316406,9072,4,4,16,3,2,9,63
2010,3.0,4.0,4,OPTIMAL,41.3,41.300000000000004,53.300000000000004,12.0,0.0,4.1,40.900000000000006,5.0,3.3,4,0,0,12,0,16,1.9737699031829834,9072,4,4,16,3,2,9,63
2010,3.5,0.0,4,OPTIMAL,35.65,35.650000000000006,74.15,38.5,0.0,4.05,44.60000000000001,13.5,11.999999999999998,11,7,7,5,0,16,1.872265100479126,9072,4,4,16,3,2,9,63
2010,3.5,0.5,4,OPTIMAL,38.55,38.55000000000001,64.55000000000001,28.0,2.0,4.35,43.7,9.0,7.500000000000001,8,4,4,8,0,16,2.027740240097046,9072,4,4,16,3,2,9,63
2010,3.5,1.0,4,OPTIMAL,39.3,39.300000000000004,53.300000000000004,14.0,0.0,4.1,40.900000000000006,5.0,3.3,4,0,0,12,0,16,2.022113084793091,9072,4,4,16,3,2,9,63
2010,3.5,2.0,4,OPTIMAL,39.3,39.300000000000004,53.300000000000004,14.0,0.0,4.1,40.900000000000006,5.0,3.3,4,0,0,12,0,16,2.005509853363037,9072,4,4,16,3,2,9,63
2010,3.5,3.0,4,OPTIMAL,39.3,39.300000000000004,53.300000000000004,14.0,0.0,4.1,40.900000000000006,5.0,3.3,4,0,0,12,0,16,2.0352540016174316,9072,4,4,16,3,2,9,63
2010,3.5,4.0,4,OPTIMAL,39.3,39.300000000000004,53.300000000000004,14.0,0.0,4.1,40.900000000000006,5.0,3.3,4,0,0,12,0,16,2.0569868087768555,9072,4,4,16,3,2,9,63
