seed,human_reward,target_deviation_penalty,target_human_assignments,status,objective_cp_sat,adjusted_objective_manual,total_cost_without_reward,reward_term,target_deviation_penalty_term,start_time_cost,assignment_cost,workload,ergonomic,human_assignments,distance_from_target,machine_assignments,robot_assignments,num_selected_operations,wall_seconds,num_binary_variables,jobs,machines,operations,workers,robots,resources,planning_horizon
2001,0.0,0.0,4,OPTIMAL,44.8,44.800000000000004,44.800000000000004,0.0,0.0,4.6000000000000005,40.2,0.0,0.0,0,4,16,0,16,1.8348541259765625,9072,4,4,16,3,2,9,63
2001,0.0,0.5,4,OPTIMAL,46.8,46.800000000000004,44.800000000000004,0.0,2.0,4.6000000000000005,40.2,0.0,0.0,0,4,16,0,16,2.48966121673584,9072,4,4,16,3,2,9,63
2001,0.0,1.0,4,OPTIMAL,48.8,48.800000000000004,44.800000000000004,0.0,4.0,4.6000000000000005,40.2,0.0,0.0,0,4,16,0,16,2.3553311824798584,9072,4,4,16,3,2,9,63
2001,0.0,2.0,4,OPTIMAL,52.35,52.35,50.35,0.0,2.0,4.45,41.1,3.0,1.7999999999999998,3,1,13,0,16,2.1303470134735107,9072,4,4,16,3,2,9,63
2001,0.0,3.0,4,OPTIMAL,52.6,52.60000000000001,52.60000000000001,0.0,0.0,4.300000000000001,41.300000000000004,4.0,3.0,4,0,12,0,16,2.028898239135742,9072,4,4,16,3,2,9,63
2001,0.0,4.0,4,OPTIMAL,52.6,52.60000000000001,52.60000000000001,0.0,0.0,4.300000000000001,41.300000000000004,4.0,3.0,4,0,12,0,16,2.0421559810638428,9072,4,4,16,3,2,9,63
2001,1.0,0.0,4,OPTIMAL,44.8,44.800000000000004,44.800000000000004,0.0,0.0,4.6,40.2,0.0,0.0,0,4,16,0,16,1.8783543109893799,9072,4,4,16,3,2,9,63
2001,1.0,0.5,4,OPTIMAL,46.8,46.800000000000004,44.800000000000004,0.0,2.0,4.6000000000000005,40.2,0.0,0.0,0,4,16,0,16,2.0325489044189453,9072,4,4,16,3,2,9,63
2001,1.0,1.0,4,OPTIMAL,48.35,48.349999999999994,50.349999999999994,3.0,1.0,4.25,41.3,3.0,1.7999999999999998,3,1,13,0,16,2.0547540187835693,9072,4,4,16,3,2,9,63
2001,1.0,2.0,4,OPTIMAL,48.6,48.60000000000001,52.60000000000001,4.0,0.0,4.300000000000001,41.300000000000004,4.0,3.0,4,0,12,0,16,2.002394199371338,9072,4,4,16,3,2,9,63
2001,1.0,3.0,4,OPTIMAL,48.6,48.60000000000001,52.60000000000001,4.0,0.0,4.300000000000001,41.300000000000004,4.0,3.0,4,0,12,0,16,2.0020949840545654,9072,4,4,16,3,2,9,63
2001,1.0,4.0,4,OPTIMAL,48.6,48.60000000000001,52.60000000000001,4.0,0.0,4.300000000000001,41.300000000000004,4.0,3.0,4,0,12,0,16,1.9883878231048584,9072,4,4,16,3,2,9,63
2001,2.0,0.0,4,OPTIMAL,44.35,44.35,48.35,4.0,0.0,4.35,40.8,2.0,1.2,2,2,14,0,16,1.8869099617004395,9072,4,4,16,3,2,9,63
2001,2.0,0.5,4,OPTIMAL,44.6,44.60000000000001,52.60000000000001,8.0,0.0,4.300000000000001,41.300000000000004,4.0,3.0,4,0,12,0,16,1.9684150218963623,9072,4,4,16,3,2,9,63
2001,2.0,1.0,4,OPTIMAL,44.6,44.60000000000001,52.60000000000001,8.0,0.0,4.300000000000001,41.300000000000004,4.0,3.0,4,0,12,0,16,2.0060441493988037,9072,4,4,16,3,2,9,63
2001,2.0,2.0,4,OPTIMAL,44.6,44.60000000000001,52.60000000000001,8.0,0.0,4.300000000000001,41.300000000000004,4.0,3.0,4,0,12,0,16,1.9734480381011963,9072,4,4,16,3,2,9,63
2001,2.0,3.0,4,OPTIMAL,44.6,44.60000000000001,52.60000000000001,8.0,0.0,4.300000000000001,41.300000000000004,4.0,3.0,4,0,12,0,16,2.0448849201202393,9072,4,4,16,3,2,9,63
2001,2.0,4.0,4,OPTIMAL,44.6,44.60000000000001,52.60000000000001,8.0,0.0,4.300000000000001,41.300000000000004,4.0,3.0,4,0,12,0,16,1.9727261066436768,9072,4,4,16,3,2,9,63
2001,2.5,0.0,4,OPTIMAL,42.6,42.60000000000001,52.60000000000001,10.0,0.0,4.300000000000001,41.300000000000004,4.0,3.0,4,0,12,0,16,1.9539268016815186,9072,4,4,16,3,2,9,63
2001,2.5,0.5,4,OPTIMAL,42.6,42.60000000000001,52.60000000000001,10.0,0.0,4.300000000000001,41.300000000000004,4.0,3.0,4,0,12,0,16,1.9724400043487549,9072,4,4,16,3,2,9,63
2001,2.5,1.0,4,OPTIMAL,42.6,42.60000000000001,52.60000000000001,10.0,0.0,4.300000000000001,41.300000000000004,4.0,3.0,4,0,12,0,16,1.9916627407073975,9072,4,4,16,3,2,9,63
2001,2.5,2.0,4,OPTIMAL,42.6,42.60000000000001,52.60000000000001,10.0,0.0,4.300000000000001,41.300000000000004,4.0,3.0,4,0,12,0,16,2.0207560062408447,9072,4,4,16,3,2,9,63
2001,2.5,3.0,4,OPTIMAL,42.6,42.60000000000001,52.60000000000001,10.0,0.0,4.300000000000001,41.300000000000004,4.0,3.0,4,0,12,0,16,2.0892019271850586,9072,4,4,16,3,2,9,63
2001,2.5,4.0,4,OPTIMAL,42.6,42.60000000000001,52.60000000000001,10.0,0.0,4.300000000000001,41.300000000000004,4.0,3.0,4,0,12,0,16,1.9791910648345947,9072,4,4,16,3,2,9,63
2001,3.0,0.0,4,OPTIMAL,39.35,39.35000000000001,69.35000000000001,30.0,0.0,4.65,43.400000000000006,12.0,9.299999999999999,10,6,6,0,16,1.8786296844482422,9072,4,4,16,3,2,9,63
2001,3.0,0.5,4,OPTIMAL,40.6,40.60000000000001,52.60000000000001,12.0,0.0,4.300000000000001,41.300000000000004,4.0,3.0,4,0,12,0,16,2.009437084197998,9072,4,4,16,3,2,9,63
2001,3.0,1.0,4,OPTIMAL,40.6,40.60000000000001,52.60000000000001,12.0,0.0,4.300000000000001,41.300000000000004,4.0,3.0,4,0,12,0,16,2.04069185256958,9072,4,4,16,3,2,9,63
2001,3.0,2.0,4,OPTIMAL,40.6,40.60000000000001,52.60000000000001,12.0,0.0,4.300000000000001,41.300000000000004,4.0,3.0,4,0,12,0,16,2.0320961475372314,9072,4,4,16,3,2,9,63
2001,3.0,3.0,4,OPTIMAL,40.6,40.60000000000001,52.60000000000001,12.0,0.0,4.300000000000001,41.300000000000004,4.0,3.0,4,0,12,0,16,2.0269479751586914,9072,4,4,16,3,2,9,63
2001,3.0,4.0,4,OPTIMAL,40.6,40.60000000000001,52.60000000000001,12.0,0.0,4.300000000000001,41.300000000000004,4.0,3.0,4,0,12,0,16,2.0284581184387207,9072,4,4,16,3,2,9,63
2002,0.0,0.0,4,OPTIMAL,44.15,44.15,44.15,0.0,0.0,3.75,40.4,0.0,0.0,0,4,16,0,16,1.7685778141021729,9072,4,4,16,3,2,9,63
2002,0.0,0.5,4,OPTIMAL,46.15,46.15,44.15,0.0,2.0,3.75,40.4,0.0,0.0,0,4,16,0,16,1.938892126083374,9072,4,4,16,3,2,9,63
2002,0.0,1.0,4,OPTIMAL,48.15,48.15,44.15,0.0,4.0,3.75,40.4,0.0,0.0,0,4,16,0,16,1.9410057067871094,9072,4,4,16,3,2,9,63
2002,0.0,2.0,4,OPTIMAL,52.05,52.05,46.05,0.0,6.0,3.75,40.699999999999996,1.0,0.6,1,3,15,0,16,2.0321290493011475,9072,4,4,16,3,2,9,63
2002,0.0,3.0,4,OPTIMAL,52.65,52.64999999999999,52.64999999999999,0.0,0.0,3.75,41.49999999999999,5.0,2.4,4,0,12,0,16,2.0079760551452637,9072,4,4,16,3,2,9,63
2002,0.0,4.0,4,OPTIMAL,52.65,52.64999999999999,52.64999999999999,0.0,0.0,3.75,41.49999999999999,5.0,2.4,4,0,12,0,16,2.03269100189209,9072,4,4,16,3,2,9,63
2002,1.0,0.0,4,OPTIMAL,44.15,44.15,44.15,0.0,0.0,3.75,40.4,0.0,0.0,0,4,16,0,16,1.8318049907684326,9072,4,4,16,3,2,9,63
2002,1.0,0.5,4,OPTIMAL,46.15,46.15,44.15,0.0,2.0,3.75,40.4,0.0,0.0,0,4,16,0,16,2.0243518352508545,9072,4,4,16,3,2,9,63
2002,1.0,1.0,4,OPTIMAL,48.05,48.05,46.05,1.0,3.0,3.75,40.699999999999996,1.0,0.6,1,3,15,0,16,1.9592552185058594,9072,4,4,16,3,2,9,63
2002,1.0,2.0,4,OPTIMAL,48.65,48.64999999999999,52.64999999999999,4.0,0.0,3.75,41.49999999999999,5.0,2.4,4,0,12,0,16,1.9915614128112793,9072,4,4,16,3,2,9,63
2002,1.0,3.0,4,OPTIMAL,48.65,48.64999999999999,52.64999999999999,4.0,0.0,3.75,41.49999999999999,5.0,2.4,4,0,12,0,16,1.9613208770751953,9072,4,4,16,3,2,9,63
2002,1.0,4.0,4,OPTIMAL,48.65,48.64999999999999,52.64999999999999,4.0,0.0,3.75,41.49999999999999,5.0,2.4,4,0,12,0,16,1.9768781661987305,9072,4,4,16,3,2,9,63
2002,2.0,0.0,4,OPTIMAL,44.05,44.05,46.05,2.0,0.0,3.75,40.699999999999996,1.0,0.6,1,3,15,0,16,1.8020360469818115,9072,4,4,16,3,2,9,63
2002,2.0,0.5,4,OPTIMAL,44.65,44.64999999999999,52.64999999999999,8.0,0.0,3.75,41.49999999999999,5.0,2.4,4,0,12,0,16,1.9388141632080078,9072,4,4,16,3,2,9,63
2002,2.0,1.0,4,OPTIMAL,44.65,44.64999999999999,52.64999999999999,8.0,0.0,3.75,41.49999999999999,5.0,2.4,4,0,12,0,16,1.9498727321624756,9072,4,4,16,3,2,9,63
2002,2.0,2.0,4,OPTIMAL,44.65,44.64999999999999,52.64999999999999,8.0,0.0,3.75,41.49999999999999,5.0,2.4,4,0,12,0,16,1.9530928134918213,9072,4,4,16,3,2,9,63
2002,2.0,3.0,4,OPTIMAL,44.65,44.64999999999999,52.64999999999999,8.0,0.0,3.75,41.49999999999999,5.0,2.4,4,0,12,0,16,1.966087818145752,9072,4,4,16,3,2,9,63
2002,2.0,4.0,4,OPTIMAL,44.65,44.64999999999999,52.64999999999999,8.0,0.0,3.75,41.49999999999999,5.0,2.4,4,0,12,0,16,1.92838716506958,9072,4,4,16,3,2,9,63
2002,2.5,0.0,4,OPTIMAL,42.45,42.449999999999996,59.949999999999996,17.5,0.0,3.6500000000000004,43.199999999999996,8.0,5.1000000000000005,7,3,9,0,16,1.814305067062378,9072,4,4,16,3,2,9,63
2002,2.5,0.5,4,OPTIMAL,42.65,42.64999999999999,52.64999999999999,10.0,0.0,3.75,41.49999999999999,5.0,2.4,4,0,12,0,16,1.9512701034545898,9072,4,4,16,3,2,9,63
2002,2.5,1.0,4,OPTIMAL,42.65,42.64999999999999,52.64999999999999,10.0,0.0,3.75,41.49999999999999,5.0,2.4,4,0,12,0,16,1.9311680793762207,9072,4,4,16,3,2,9,63
2002,2.5,2.0,4,OPTIMAL,42.65,42.64999999999999,52.64999999999999,10.0,0.0,3.75,41.49999999999999,5.0,2.4,4,0,12,0,16,1.9334962368011475,9072,4,4,16,3,2,9,63
2002,2.5,3.0,4,OPTIMAL,42.65,42.64999999999999,52.64999999999999,10.0,0.0,3.75,41.49999999999999,5.0,2.4,4,0,12,0,16,1.9340050220489502,9072,4,4,16,3,2,9,63
2002,2.5,4.0,4,OPTIMAL,42.65,42.64999999999999,52.64999999999999,10.0,0.0,3.75,41.49999999999999,5.0,2.4,4,0,12,0,16,1.9388983249664307,9072,4,4,16,3,2,9,63
2002,3.0,0.0,4,OPTIMAL,38.6,38.599999999999994,68.6,30.0,0.0,3.7,44.599999999999994,12.5,7.800000000000001,10,6,6,0,16,1.8181970119476318,9072,4,4,16,3,2,9,63
2002,3.0,0.5,4,OPTIMAL,40.45,40.449999999999996,59.949999999999996,21.0,1.5,3.6500000000000004,43.199999999999996,8.0,5.1000000000000005,7,3,9,0,16,1.9571220874786377,9072,4,4,16,3,2,9,63
2002,3.0,1.0,4,OPTIMAL,40.65,40.64999999999999,52.64999999999999,12.0,0.0,3.75,41.49999999999999,5.0,2.4,4,0,12,0,16,1.9860539436340332,9072,4,4,16,3,2,9,63
2002,3.0,2.0,4,OPTIMAL,40.65,40.64999999999999,52.64999999999999,12.0,0.0,3.75,41.49999999999999,5.0,2.4,4,0,12,0,16,1.966752052307129,9072,4,4,16,3,2,9,63
2002,3.0,3.0,4,OPTIMAL,40.65,40.64999999999999,52.64999999999999,12.0,0.0,3.75,41.49999999999999,5.0,2.4,4,0,12,0,16,1.9501309394836426,9072,4,4,16,3,2,9,63
2002,3.0,4.0,4,OPTIMAL,40.65,40.64999999999999,52.64999999999999,12.0,0.0,3.75,41.49999999999999,5.0,2.4,4,0,12,0,16,1.955749750137329,9072,4,4,16,3,2,9,63
2003,0.0,0.0,4,OPTIMAL,46.2,46.2,46.2,0.0,0.0,6.000000000000001,40.2,0.0,0.0,0,4,16,0,16,1.8586509227752686,9072,4,4,16,3,2,9,63
2003,0.0,0.5,4,OPTIMAL,48.2,48.2,46.2,0.0,2.0,6.000000000000001,40.2,0.0,0.0,0,4,16,0,16,2.0051956176757812,9072,4,4,16,3,2,9,63
2003,0.0,1.0,4,OPTIMAL,50.2,50.2,46.2,0.0,4.0,6.000000000000001,40.2,0.0,0.0,0,4,16,0,16,2.0170135498046875,9072,4,4,16,3,2,9,63
2003,0.0,2.0,4,OPTIMAL,54.15,54.150000000000006,50.150000000000006,0.0,4.0,5.750000000000001,40.900000000000006,2.0,1.5,2,2,14,0,16,2.071120023727417,9072,4,4,16,3,2,9,63
2003,0.0,3.0,4,OPTIMAL,55.25,55.25,55.25,0.0,0.0,6.250000000000001,42.0,4.0,3.0,4,0,12,0,16,2.1057357788085938,9072,4,4,16,3,2,9,63
2003,0.0,4.0,4,OPTIMAL,55.25,55.25,55.25,0.0,0.0,6.250000000000001,42.0,4.0,3.0,4,0,12,0,16,2.0984599590301514,9072,4,4,16,3,2,9,63
2003,1.0,0.0,4,OPTIMAL,46.2,46.2,46.2,0.0,0.0,6.000000000000001,40.2,0.0,0.0,0,4,16,0,16,1.921863079071045,9072,4,4,16,3,2,9,63
2003,1.0,0.5,4,OPTIMAL,48.2,48.2,46.2,0.0,2.0,6.000000000000001,40.2,0.0,0.0,0,4,16,0,16,1.9899840354919434,9072,4,4,16,3,2,9,63
2003,1.0,1.0,4,OPTIMAL,50.15,50.150000000000006,50.150000000000006,2.0,2.0,5.750000000000001,40.900000000000006,2.0,1.5,2,2,14,0,16,2.0552611351013184,9072,4,4,16,3,2,9,63
2003,1.0,2.0,4,OPTIMAL,51.25,51.25,55.25,4.0,0.0,6.250000000000001,42.0,4.0,3.0,4,0,12,0,16,2.0685079097747803,9072,4,4,16,3,2,9,63
2003,1.0,3.0,4,OPTIMAL,51.25,51.25,55.25,4.0,0.0,6.250000000000001,42.0,4.0,3.0,4,0,12,0,16,2.0970618724823,9072,4,4,16,3,2,9,63
2003,1.0,4.0,4,OPTIMAL,51.25,51.25000000000001,55.25000000000001,4.0,0.0,5.750000000000001,41.70000000000001,4.5,3.3,4,0,12,0,16,2.08424711227417,9072,4,4,16,3,2,9,63
2003,2.0,0.0,4,OPTIMAL,46.15,46.150000000000006,50.150000000000006,4.0,0.0,5.750000000000001,40.900000000000006,2.0,1.5,2,2,14,0,16,1.9176702499389648,9072,4,4,16,3,2,9,63
2003,2.0,0.5,4,OPTIMAL,47.15,47.150000000000006,50.150000000000006,4.0,1.0,5.750000000000001,40.900000000000006,2.0,1.5,2,2,14,0,16,2.026146173477173,9072,4,4,16,3,2,9,63
2003,2.0,1.0,4,OPTIMAL,47.25,47.25,55.25,8.0,0.0,6.250000000000001,42.0,4.0,3.0,4,0,12,0,16,2.0333869457244873,9072,4,4,16,3,2,9,63
2003,2.0,2.0,4,OPTIMAL,47.25,47.25000000000001,55.25000000000001,8.0,0.0,5.750000000000001,41.70000000000001,4.5,3.3,4,0,12,0,16,2.0666580200195312,9072,4,4,16,3,2,9,63
2003,2.0,3.0,4,OPTIMAL,47.25,47.25,55.25,8.0,0.0,6.250000000000001,42.0,4.0,3.0,4,0,12,0,16,2.0429859161376953,9072,4,4,16,3,2,9,63
2003,2.0,4.0,4,OPTIMAL,47.25,47.25000000000001,55.25000000000001,8.0,0.0,5.750000000000001,41.70000000000001,4.5,3.3,4,0,12,0,16,2.0330400466918945,9072,4,4,16,3,2,9,63
2003,2.5,0.0,4,OPTIMAL,45.15,45.150000000000006,52.650000000000006,7.5,0.0,5.750000000000001,41.50000000000001,3.0,2.4,3,1,13,0,16,1.9233849048614502,9072,4,4,16,3,2,9,63
2003,2.5,0.5,4,OPTIMAL,45.25,45.25,55.25,10.0,0.0,6.250000000000001,42.0,4.0,3.0,4,0,12,0,16,2.0167219638824463,9072,4,4,16,3,2,9,63
2003,2.5,1.0,4,OPTIMAL,45.25,45.25,55.25,10.0,0.0,6.250000000000001,42.0,4.0,3.0,4,0,12,0,16,2.1223678588867188,9072,4,4,16,3,2,9,63
2003,2.5,2.0,4,OPTIMAL,45.25,45.25,55.25,10.0,0.0,6.250000000000001,42.0,4.0,3.0,4,0,12,0,16,2.0299057960510254,9072,4,4,16,3,2,9,63
2003,2.5,3.0,4,OPTIMAL,45.25,45.25,55.25,10.0,0.0,6.250000000000001,42.0,4.0,3.0,4,0,12,0,16,2.0327019691467285,9072,4,4,16,3,2,9,63
2003,2.5,4.0,4,OPTIMAL,45.25,45.25,55.25,10.0,0.0,6.250000000000001,42.0,4.0,3.0,4,0,12,0,16,2.0826780796051025,9072,4,4,16,3,2,9,63
2003,3.0,0.0,4,OPTIMAL,42.2,42.2,66.2,24.0,0.0,6.300000000000002,43.599999999999994,10.0,6.3,8,4,8,0,16,1.942337989807129,9072,4,4,16,3,2,9,63
2003,3.0,0.5,4,OPTIMAL,43.25,43.25,55.25,12.0,0.0,6.250000000000001,42.0,4.0,3.0,4,0,12,0,16,2.1320960521698,9072,4,4,16,3,2,9,63
2003,3.0,1.0,4,OPTIMAL,43.25,43.25,55.25,12.0,0.0,6.250000000000001,42.0,4.0,3.0,4,0,12,0,16,2.0401339530944824,9072,4,4,16,3,2,9,63
2003,3.0,2.0,4,OPTIMAL,43.25,43.25,55.25,12.0,0.0,6.250000000000001,42.0,4.0,3.0,4,0,12,0,16,2.123167037963867,9072,4,4,16,3,2,9,63
2003,3.0,3.0,4,OPTIMAL,43.25,43.25,55.25,12.0,0.0,6.250000000000001,42.0,4.0,3.0,4,0,12,0,16,2.7303078174591064,9072,4,4,16,3,2,9,63
2003,3.0,4.0,4,OPTIMAL,43.25,43.25,55.25,12.0,0.0,6.250000000000001,42.0,4.0,3.0,4,0,12,0,16,2.039372205734253,9072,4,4,16,3,2,9,63
2004,0.0,0.0,4,OPTIMAL,46.55,46.550000000000004,46.550000000000004,0.0,0.0,6.1499999999999995,40.400000000000006,0.0,0.0,0,4,16,0,16,1.8862807750701904,9072,4,4,16,3,2,9,63
2004,0.0,0.5,4,OPTIMAL,48.55,48.550000000000004,46.550000000000004,0.0,2.0,6.1499999999999995,40.400000000000006,0.0,0.0,0,4,16,0,16,2.0523171424865723,9072,4,4,16,3,2,9,63
2004,0.0,1.0,4,OPTIMAL,50.55,50.550000000000004,46.550000000000004,0.0,4.0,6.1499999999999995,40.400000000000006,0.0,0.0,0,4,16,0,16,2.190567970275879,9072,4,4,16,3,2,9,63
2004,0.0,2.0,4,OPTIMAL,54.55,54.550000000000004,46.550000000000004,0.0,8.0,6.1499999999999995,40.400000000000006,0.0,0.0,0,4,16,0,16,2.2691268920898438,9072,4,4,16,3,2,9,63
2004,0.0,3.0,4,OPTIMAL,55.9,55.900000000000006,55.900000000000006,0.0,0.0,5.999999999999999,41.7,5.5,2.7,4,0,12,0,16,2.1021499633789062,9072,4,4,16,3,2,9,63
2004,0.0,4.0,4,OPTIMAL,55.9,55.900000000000006,55.900000000000006,0.0,0.0,5.999999999999999,41.7,5.5,2.7,4,0,12,0,16,2.109914779663086,9072,4,4,16,3,2,9,63
2004,1.0,0.0,4,OPTIMAL,46.55,46.550000000000004,46.550000000000004,0.0,0.0,6.1499999999999995,40.400000000000006,0.0,0.0,0,4,16,0,16,1.9519948959350586,9072,4,4,16,3,2,9,63
2004,1.0,0.5,4,OPTIMAL,48.55,48.550000000000004,46.550000000000004,0.0,2.0,6.1499999999999995,40.400000000000006,0.0,0.0,0,4,16,0,16,2.2355360984802246,9072,4,4,16,3,2,9,63
2004,1.0,1.0,4,OPTIMAL,50.55,50.550000000000004,46.550000000000004,0.0,4.0,6.1499999999999995,40.400000000000006,0.0,0.0,0,4,16,0,16,2.338989019393921,9072,4,4,16,3,2,9,63
2004,1.0,2.0,4,OPTIMAL,51.9,51.900000000000006,55.900000000000006,4.0,0.0,5.999999999999999,41.7,5.5,2.7,4,0,12,0,16,2.1235930919647217,9072,4,4,16,3,2,9,63
2004,1.0,3.0,4,OPTIMAL,51.9,51.900000000000006,55.900000000000006,4.0,0.0,5.999999999999999,41.7,5.5,2.7,4,0,12,0,16,2.069931983947754,9072,4,4,16,3,2,9,63
2004,1.0,4.0,4,OPTIMAL,51.9,51.900000000000006,55.900000000000006,4.0,0.0,5.999999999999999,41.7,5.5,2.7,4,0,12,0,16,2.1538071632385254,9072,4,4,16,3,2,9,63
2004,2.0,0.0,4,OPTIMAL,46.55,46.550000000000004,46.550000000000004,0.0,0.0,6.1499999999999995,40.400000000000006,0.0,0.0,0,4,16,0,16,1.9541912078857422,9072,4,4,16,3,2,9,63
2004,2.0,0.5,4,OPTIMAL,47.7,47.7,53.2,6.0,0.5,5.999999999999999,41.1,4.0,2.1,3,1,13,0,16,2.1602816581726074,9072,4,4,16,3,2,9,63
2004,2.0,1.0,4,OPTIMAL,47.9,47.900000000000006,55.900000000000006,8.0,0.0,5.999999999999999,41.7,5.5,2.7,4,0,12,0,16,2.1260180473327637,9072,4,4,16,3,2,9,63
2004,2.0,2.0,4,OPTIMAL,47.9,47.900000000000006,55.900000000000006,8.0,0.0,5.999999999999999,41.7,5.5,2.7,4,0,12,0,16,2.1475789546966553,9072,4,4,16,3,2,9,63
2004,2.0,3.0,4,OPTIMAL,47.9,47.900000000000006,55.900000000000006,8.0,0.0,5.999999999999999,41.7,5.5,2.7,4,0,12,0,16,2.0945169925689697,9072,4,4,16,3,2,9,63
2004,2.0,4.0,4,OPTIMAL,47.9,47.900000000000006,55.900000000000006,8.0,0.0,5.999999999999999,41.7,5.5,2.7,4,0,12,0,16,2.118651866912842,9072,4,4,16,3,2,9,63
2004,2.5,0.0,4,OPTIMAL,45.7,45.7,53.2,7.5,0.0,5.999999999999999,41.1,4.0,2.1,3,1,13,0,16,1.9047071933746338,9072,4,4,16,3,2,9,63
2004,2.5,0.5,4,OPTIMAL,45.9,45.900000000000006,55.900000000000006,10.0,0.0,5.999999999999999,41.7,5.5,2.7,4,0,12,0,16,1.998887062072754,9072,4,4,16,3,2,9,63
2004,2.5,1.0,4,OPTIMAL,45.9,45.900000000000006,55.900000000000006,10.0,0.0,5.999999999999999,41.7,5.5,2.7,4,0,12,0,16,2.0213959217071533,9072,4,4,16,3,2,9,63
2004,2.5,2.0,4,OPTIMAL,45.9,45.900000000000006,55.900000000000006,10.0,0.0,5.999999999999999,41.7,5.5,2.7,4,0,12,0,16,2.0227200984954834,9072,4,4,16,3,2,9,63
2004,2.5,3.0,4,OPTIMAL,45.9,45.900000000000006,55.900000000000006,10.0,0.0,5.999999999999999,41.7,5.5,2.7,4,0,12,0,16,2.0477921962738037,9072,4,4,16,3,2,9,63
2004,2.5,4.0,4,OPTIMAL,45.9,45.900000000000006,55.900000000000006,10.0,0.0,5.999999999999999,41.7,5.5,2.7,4,0,12,0,16,2.036625862121582,9072,4,4,16,3,2,9,63
2004,3.0,0.0,4,OPTIMAL,43.6,43.60000000000001,70.60000000000001,27.0,0.0,6.6,44.7,13.0,6.299999999999999,9,5,7,0,16,1.982179880142212,9072,4,4,16,3,2,9,63
2004,3.0,0.5,4,OPTIMAL,43.9,43.900000000000006,55.900000000000006,12.0,0.0,5.999999999999999,41.7,5.5,2.7,4,0,12,0,16,2.0962791442871094,9072,4,4,16,3,2,9,63
2004,3.0,1.0,4,OPTIMAL,43.9,43.900000000000006,55.900000000000006,12.0,0.0,5.999999999999999,41.7,5.5,2.7,4,0,12,0,16,2.0729987621307373,9072,4,4,16,3,2,9,63
2004,3.0,2.0,4,OPTIMAL,43.9,43.900000000000006,55.900000000000006,12.0,0.0,5.999999999999999,41.7,5.5,2.7,4,0,12,0,16,2.0640060901641846,9072,4,4,16,3,2,9,63
2004,3.0,3.0,4,OPTIMAL,43.9,43.900000000000006,55.900000000000006,12.0,0.0,5.999999999999999,41.7,5.5,2.7,4,0,12,0,16,2.0632266998291016,9072,4,4,16,3,2,9,63
2004,3.0,4.0,4,OPTIMAL,43.9,43.900000000000006,55.900000000000006,12.0,0.0,5.999999999999999,41.7,5.5,2.7,4,0,12,0,16,2.1048221588134766,9072,4,4,16,3,2,9,63
2005,0.0,0.0,4,OPTIMAL,44.75,44.75,44.75,0.0,0.0,4.15,40.6,0.0,0.0,0,4,16,0,16,1.8216211795806885,9072,4,4,16,3,2,9,63
2005,0.0,0.5,4,OPTIMAL,46.75,46.75,44.75,0.0,2.0,4.15,40.6,0.0,0.0,0,4,16,0,16,1.9627797603607178,9072,4,4,16,3,2,9,63
2005,0.0,1.0,4,OPTIMAL,48.75,48.75,44.75,0.0,4.0,4.15,40.6,0.0,0.0,0,4,16,0,16,2.0546507835388184,9072,4,4,16,3,2,9,63
2005,0.0,2.0,4,OPTIMAL,52.75,52.75,44.75,0.0,8.0,4.15,40.6,0.0,0.0,0,4,16,0,16,2.0417399406433105,9072,4,4,16,3,2,9,63
2005,0.0,3.0,4,OPTIMAL,53.5,53.49999999999999,53.49999999999999,0.0,0.0,3.9,42.89999999999999,4.0,2.7,4,0,12,0,16,2.066740036010742,9072,4,4,16,3,2,9,63
2005,0.0,4.0,4,OPTIMAL,53.5,53.49999999999999,53.49999999999999,0.0,0.0,3.9,42.89999999999999,4.0,2.7,4,0,12,0,16,2.199363946914673,9072,4,4,16,3,2,9,63
2005,1.0,0.0,4,OPTIMAL,44.75,44.75,44.75,0.0,0.0,4.15,40.6,0.0,0.0,0,4,16,0,16,1.8804800510406494,9072,4,4,16,3,2,9,63
2005,1.0,0.5,4,OPTIMAL,46.75,46.75,44.75,0.0,2.0,4.15,40.6,0.0,0.0,0,4,16,0,16,2.118072271347046,9072,4,4,16,3,2,9,63
2005,1.0,1.0,4,OPTIMAL,48.75,48.75,44.75,0.0,4.0,4.15,40.6,0.0,0.0,0,4,16,0,16,2.156550884246826,9072,4,4,16,3,2,9,63
2005,1.0,2.0,4,OPTIMAL,49.5,49.49999999999999,53.49999999999999,4.0,0.0,3.9,42.89999999999999,4.0,2.7,4,0,12,0,16,2.0585951805114746,9072,4,4,16,3,2,9,63
2005,1.0,3.0,4,OPTIMAL,49.5,49.49999999999999,53.49999999999999,4.0,0.0,3.9,42.89999999999999,4.0,2.7,4,0,12,0,16,2.1215908527374268,9072,4,4,16,3,2,9,63
2005,1.0,4.0,4,OPTIMAL,49.5,49.49999999999999,53.49999999999999,4.0,0.0,3.9,42.89999999999999,4.0,2.7,4,0,12,0,16,2.0079050064086914,9072,4,4,16,3,2,9,63
2005,2.0,0.0,4,OPTIMAL,44.75,44.75,46.75,2.0,0.0,3.95,41.199999999999996,1.0,0.6,1,3,15,0,16,1.8638420104980469,9072,4,4,16,3,2,9,63
2005,2.0,0.5,4,OPTIMAL,45.4,45.4,50.9,6.0,0.5,3.9,41.9,3.0,2.1,3,1,13,0,16,2.0171592235565186,9072,4,4,16,3,2,9,63
2005,2.0,1.0,4,OPTIMAL,45.5,45.49999999999999,53.49999999999999,8.0,0.0,3.9,42.89999999999999,4.0,2.7,4,0,12,0,16,2.0567760467529297,9072,4,4,16,3,2,9,63
2005,2.0,2.0,4,OPTIMAL,45.5,45.49999999999999,53.49999999999999,8.0,0.0,3.9,42.89999999999999,4.0,2.7,4,0,12,0,16,2.258046865463257,9072,4,4,16,3,2,9,63
2005,2.0,3.0,4,OPTIMAL,45.5,45.49999999999999,53.49999999999999,8.0,0.0,3.9,42.89999999999999,4.0,2.7,4,0,12,0,16,2.032564878463745,9072,4,4,16,3,2,9,63
2005,2.0,4.0,4,OPTIMAL,45.5,45.49999999999999,53.49999999999999,8.0,0.0,3.9,42.89999999999999,4.0,2.7,4,0,12,0,16,1.986557960510254,9072,4,4,16,3,2,9,63
2005,2.5,0.0,4,OPTIMAL,43.4,43.4,50.9,7.5,0.0,3.9,41.9,3.0,2.1,3,1,13,0,16,1.8192670345306396,9072,4,4,16,3,2,9,63
2005,2.5,0.5,4,OPTIMAL,43.5,43.49999999999999,53.49999999999999,10.0,0.0,3.9,42.89999999999999,4.0,2.7,4,0,12,0,16,1.9812657833099365,9072,4,4,16,3,2,9,63
2005,2.5,1.0,4,OPTIMAL,43.5,43.49999999999999,53.49999999999999,10.0,0.0,3.9,42.89999999999999,4.0,2.7,4,0,12,0,16,2.0487020015716553,9072,4,4,16,3,2,9,63
2005,2.5,2.0,4,OPTIMAL,43.5,43.49999999999999,53.49999999999999,10.0,0.0,3.9,42.89999999999999,4.0,2.7,4,0,12,0,16,2.0226340293884277,9072,4,4,16,3,2,9,63
2005,2.5,3.0,4,OPTIMAL,43.5,43.49999999999999,53.49999999999999,10.0,0.0,3.9,42.89999999999999,4.0,2.7,4,0,12,0,16,1.9724600315093994,9072,4,4,16,3,2,9,63
2005,2.5,4.0,4,OPTIMAL,43.5,43.49999999999999,53.49999999999999,10.0,0.0,3.9,42.89999999999999,4.0,2.7,4,0,12,0,16,2.01519513130188,9072,4,4,16,3,2,9,63
2005,3.0,0.0,4,OPTIMAL,40.55,40.55,64.55,24.0,0.0,4.15,44.99999999999999,8.5,6.8999999999999995,8,4,8,0,16,1.8898799419403076,9072,4,4,16,3,2,9,63
2005,3.0,0.5,4,OPTIMAL,41.5,41.49999999999999,53.49999999999999,12.0,0.0,3.9,42.89999999999999,4.0,2.7,4,0,12,0,16,1.9984967708587646,9072,4,4,16,3,2,9,63
2005,3.0,1.0,4,OPTIMAL,41.5,41.49999999999999,53.49999999999999,12.0,0.0,3.9,42.89999999999999,4.0,2.7,4,0,12,0,16,1.9830458164215088,9072,4,4,16,3,2,9,63
2005,3.0,2.0,4,OPTIMAL,41.5,41.49999999999999,53.49999999999999,12.0,0.0,3.9,42.89999999999999,4.0,2.7,4,0,12,0,16,2.010875940322876,9072,4,4,16,3,2,9,63
2005,3.0,3.0,4,OPTIMAL,41.5,41.49999999999999,53.49999999999999,12.0,0.0,3.9,42.89999999999999,4.0,2.7,4,0,12,0,16,2.027176856994629,9072,4,4,16,3,2,9,63
2005,3.0,4.0,4,OPTIMAL,41.5,41.49999999999999,53.49999999999999,12.0,0.0,3.9,42.89999999999999,4.0,2.7,4,0,12,0,16,1.9870259761810303,9072,4,4,16,3,2,9,63
2006,0.0,0.0,4,OPTIMAL,44.4,44.400000000000006,44.400000000000006,0.0,0.0,4.800000000000001,39.6,0.0,0.0,0,4,16,0,16,1.846019983291626,9072,4,4,16,3,2,9,63
2006,0.0,0.5,4,OPTIMAL,46.4,46.400000000000006,44.400000000000006,0.0,2.0,4.800000000000001,39.6,0.0,0.0,0,4,16,0,16,1.5459580421447754,9072,4,4,16,3,2,9,63
2006,0.0,1.0,4,OPTIMAL,48.4,48.400000000000006,44.400000000000006,0.0,4.0,4.800000000000001,39.6,0.0,0.0,0,4,16,0,16,1.5168719291687012,9072,4,4,16,3,2,9,63
2006,0.0,2.0,4,OPTIMAL,52.2,52.199999999999996,46.199999999999996,0.0,6.0,4.800000000000001,39.8,1.0,0.6,1,3,15,0,16,1.5586810111999512,9072,4,4,16,3,2,9,63
2006,0.0,3.0,4,OPTIMAL,53.05,53.050000000000004,53.050000000000004,0.0,0.0,4.3500000000000005,41.800000000000004,4.5,2.4,4,0,12,0,16,1.6177990436553955,9072,4,4,16,3,2,9,63
2006,0.0,4.0,4,OPTIMAL,53.05,53.050000000000004,53.050000000000004,0.0,0.0,4.3500000000000005,41.800000000000004,4.5,2.4,4,0,12,0,16,1.6082470417022705,9072,4,4,16,3,2,9,63
2006,1.0,0.0,4,OPTIMAL,44.4,44.400000000000006,44.400000000000006,0.0,0.0,4.800000000000001,39.6,0.0,0.0,0,4,16,0,16,1.8993110656738281,9072,4,4,16,3,2,9,63
2006,1.0,0.5,4,OPTIMAL,46.4,46.400000000000006,44.400000000000006,0.0,2.0,4.800000000000001,39.6,0.0,0.0,0,4,16,0,16,1.6010100841522217,9072,4,4,16,3,2,9,63
2006,1.0,1.0,4,OPTIMAL,48.2,48.199999999999996,46.199999999999996,1.0,3.0,4.800000000000001,39.8,1.0,0.6,1,3,15,0,16,1.6040818691253662,9072,4,4,16,3,2,9,63
2006,1.0,2.0,4,OPTIMAL,49.05,49.050000000000004,53.050000000000004,4.0,0.0,4.3500000000000005,41.800000000000004,4.5,2.4,4,0,12,0,16,1.578075885772705,9072,4,4,16,3,2,9,63
2006,1.0,3.0,4,OPTIMAL,49.05,49.050000000000004,53.050000000000004,4.0,0.0,4.3500000000000005,41.800000000000004,4.5,2.4,4,0,12,0,16,1.6250669956207275,9072,4,4,16,3,2,9,63
2006,1.0,4.0,4,OPTIMAL,49.05,49.050000000000004,53.050000000000004,4.0,0.0,4.3500000000000005,41.800000000000004,4.5,2.4,4,0,12,0,16,1.5903749465942383,9072,4,4,16,3,2,9,63
2006,2.0,0.0,4,OPTIMAL,44.2,44.199999999999996,46.199999999999996,2.0,0.0,4.800000000000001,39.8,1.0,0.6,1,3,15,0,16,1.9238901138305664,9072,4,4,16,3,2,9,63
2006,2.0,0.5,4,OPTIMAL,45.05,45.050000000000004,53.050000000000004,8.0,0.0,4.3500000000000005,41.800000000000004,4.5,2.4,4,0,12,0,16,1.5636320114135742,9072,4,4,16,3,2,9,63
2006,2.0,1.0,4,OPTIMAL,45.05,45.050000000000004,53.050000000000004,8.0,0.0,4.3500000000000005,41.800000000000004,4.5,2.4,4,0,12,0,16,1.5795109272003174,9072,4,4,16,3,2,9,63
2006,2.0,2.0,4,OPTIMAL,45.05,45.050000000000004,53.050000000000004,8.0,0.0,4.3500000000000005,41.800000000000004,4.5,2.4,4,0,12,0,16,1.5459251403808594,9072,4,4,16,3,2,9,63
2006,2.0,3.0,4,OPTIMAL,45.05,45.050000000000004,53.050000000000004,8.0,0.0,4.3500000000000005,41.800000000000004,4.5,2.4,4,0,12,0,16,1.5499188899993896,9072,4,4,16,3,2,9,63
2006,2.0,4.0,4,OPTIMAL,45.05,45.050000000000004,53.050000000000004,8.0,0.0,4.3500000000000005,41.800000000000004,4.5,2.4,4,0,12,0,16,1.5733449459075928,9072,4,4,16,3,2,9,63
2006,2.5,0.0,4,OPTIMAL,43.05,43.050000000000004,53.050000000000004,10.0,0.0,4.3500000000000005,41.800000000000004,4.5,2.4,4,0,12,0,16,1.8173298835754395,9072,4,4,16,3,2,9,63
2006,2.5,0.5,4,OPTIMAL,43.05,43.050000000000004,53.050000000000004,10.0,0.0,4.3500000000000005,41.800000000000004,4.5,2.4,4,0,12,0,16,1.5558667182922363,9072,4,4,16,3,2,9,63
2006,2.5,1.0,4,OPTIMAL,43.05,43.050000000000004,53.050000000000004,10.0,0.0,4.3500000000000005,41.800000000000004,4.5,2.4,4,0,12,0,16,1.5587241649627686,9072,4,4,16,3,2,9,63
2006,2.5,2.0,4,OPTIMAL,43.05,43.050000000000004,53.050000000000004,10.0,0.0,4.3500000000000005,41.800000000000004,4.5,2.4,4,0,12,0,16,1.5915589332580566,9072,4,4,16,3,2,9,63
2006,2.5,3.0,4,OPTIMAL,43.05,43.050000000000004,53.050000000000004,10.0,0.0,4.3500000000000005,41.800000000000004,4.5,2.4,4,0,12,0,16,1.5891289710998535,9072,4,4,16,3,2,9,63
2006,2.5,4.0,4,OPTIMAL,43.05,43.050000000000004,53.050000000000004,10.0,0.0,4.3500000000000005,41.800000000000004,4.5,2.4,4,0,12,0,16,1.5757472515106201,9072,4,4,16,3,2,9,63
2006,3.0,0.0,4,OPTIMAL,39.55,39.55,69.55,30.0,0.0,4.65,44.9,12.5,7.499999999999998,10,6,6,0,16,1.9489388465881348,9072,4,4,16,3,2,9,63
2006,3.0,0.5,4,OPTIMAL,41.05,41.050000000000004,53.050000000000004,12.0,0.0,4.3500000000000005,41.800000000000004,4.5,2.4,4,0,12,0,16,1.5460569858551025,9072,4,4,16,3,2,9,63
2006,3.0,1.0,4,OPTIMAL,41.05,41.050000000000004,53.050000000000004,12.0,0.0,4.3500000000000005,41.800000000000004,4.5,2.4,4,0,12,0,16,1.552807092666626,9072,4,4,16,3,2,9,63
2006,3.0,2.0,4,OPTIMAL,41.05,41.050000000000004,53.050000000000004,12.0,0.0,4.3500000000000005,41.800000000000004,4.5,2.4,4,0,12,0,16,1.5478429794311523,9072,4,4,16,3,2,9,63
2006,3.0,3.0,4,OPTIMAL,41.05,41.050000000000004,53.050000000000004,12.0,0.0,4.3500000000000005,41.800000000000004,4.5,2.4,4,0,12,0,16,1.5727190971374512,9072,4,4,16,3,2,9,63
2006,3.0,4.0,4,OPTIMAL,41.05,41.050000000000004,53.050000000000004,12.0,0.0,4.3500000000000005,41.800000000000004,4.5,2.4,4,0,12,0,16,1.5666959285736084,9072,4,4,16,3,2,9,63
2007,0.0,0.0,4,OPTIMAL,46.75,46.75000000000001,46.75000000000001,0.0,0.0,6.6499999999999995,40.10000000000001,0.0,0.0,0,4,15,1,16,1.9672248363494873,9072,4,4,16,3,2,9,63
2007,0.0,0.5,4,OPTIMAL,48.75,48.75000000000001,46.75000000000001,0.0,2.0,6.6499999999999995,40.10000000000001,0.0,0.0,0,4,15,1,16,2.066742181777954,9072,4,4,16,3,2,9,63
2007,0.0,1.0,4,OPTIMAL,50.75,50.75000000000001,46.75000000000001,0.0,4.0,6.6499999999999995,40.10000000000001,0.0,0.0,0,4,15,1,16,2.1185970306396484,9072,4,4,16,3,2,9,63
2007,0.0,2.0,4,OPTIMAL,54.3,54.30000000000001,50.30000000000001,0.0,4.0,6.6,40.50000000000001,2.0,1.2,2,2,13,1,16,2.1584060192108154,9072,4,4,16,3,2,9,63
2007,0.0,3.0,4,OPTIMAL,54.9,54.900000000000006,54.900000000000006,0.0,0.0,6.6,41.400000000000006,4.5,2.4,4,0,12,0,16,2.110482931137085,9072,4,4,16,3,2,9,63
2007,0.0,4.0,4,OPTIMAL,54.9,54.900000000000006,54.900000000000006,0.0,0.0,6.6,41.400000000000006,4.5,2.4,4,0,12,0,16,2.1771059036254883,9072,4,4,16,3,2,9,63
2007,1.0,0.0,4,OPTIMAL,46.75,46.75000000000001,46.75000000000001,0.0,0.0,6.6499999999999995,40.10000000000001,0.0,0.0,0,4,15,1,16,2.007556676864624,9072,4,4,16,3,2,9,63
2007,1.0,0.5,4,OPTIMAL,48.75,48.75000000000001,46.75000000000001,0.0,2.0,6.6499999999999995,40.10000000000001,0.0,0.0,0,4,15,1,16,2.0855870246887207,9072,4,4,16,3,2,9,63
2007,1.0,1.0,4,OPTIMAL,50.3,50.30000000000001,50.30000000000001,2.0,2.0,6.6,40.50000000000001,2.0,1.2,2,2,13,1,16,2.136794090270996,9072,4,4,16,3,2,9,63
2007,1.0,2.0,4,OPTIMAL,50.9,50.900000000000006,54.900000000000006,4.0,0.0,6.6,41.400000000000006,4.5,2.4,4,0,12,0,16,2.1329078674316406,9072,4,4,16,3,2,9,63
2007,1.0,3.0,4,OPTIMAL,50.9,50.900000000000006,54.900000000000006,4.0,0.0,6.6,41.400000000000006,4.5,2.4,4,0,12,0,16,2.0180552005767822,9072,4,4,16,3,2,9,63
2007,1.0,4.0,4,OPTIMAL,50.9,50.900000000000006,54.900000000000006,4.0,0.0,6.6,41.400000000000006,4.5,2.4,4,0,12,0,16,2.092191219329834,9072,4,4,16,3,2,9,63
2007,2.0,0.0,4,OPTIMAL,46.3,46.30000000000001,50.30000000000001,4.0,0.0,6.6,40.50000000000001,2.0,1.2,2,2,13,1,16,1.9395411014556885,9072,4,4,16,3,2,9,63
2007,2.0,0.5,4,OPTIMAL,46.9,46.900000000000006,54.900000000000006,8.0,0.0,6.6,41.400000000000006,4.5,2.4,4,0,12,0,16,2.02203106880188,9072,4,4,16,3,2,9,63
2007,2.0,1.0,4,OPTIMAL,46.9,46.900000000000006,54.900000000000006,8.0,0.0,6.6,41.400000000000006,4.5,2.4,4,0,12,0,16,2.0276710987091064,9072,4,4,16,3,2,9,63
2007,2.0,2.0,4,OPTIMAL,46.9,46.900000000000006,54.900000000000006,8.0,0.0,6.6,41.400000000000006,4.5,2.4,4,0,12,0,16,2.030565023422241,9072,4,4,16,3,2,9,63
2007,2.0,3.0,4,OPTIMAL,46.9,46.900000000000006,54.900000000000006,8.0,0.0,6.6,41.400000000000006,4.5,2.4,4,0,12,0,16,2.045548915863037,9072,4,4,16,3,2,9,63
2007,2.0,4.0,4,OPTIMAL,46.9,46.900000000000006,54.900000000000006,8.0,0.0,6.6,41.400000000000006,4.5,2.4,4,0,12,0,16,2.056597948074341,9072,4,4,16,3,2,9,63
2007,2.5,0.0,4,OPTIMAL,44.9,44.900000000000006,57.400000000000006,12.5,0.0,6.2,42.2,6.0,3.0,5,1,11,0,16,1.9374306201934814,9072,4,4,16,3,2,9,63
2007,2.5,0.5,4,OPTIMAL,44.9,44.900000000000006,54.900000000000006,10.0,0.0,6.6,41.400000000000006,4.5,2.4,4,0,12,0,16,2.026093006134033,9072,4,4,16,3,2,9,63
2007,2.5,1.0,4,OPTIMAL,44.9,44.900000000000006,54.900000000000006,10.0,0.0,6.6,41.400000000000006,4.5,2.4,4,0,12,0,16,2.0239710807800293,9072,4,4,16,3,2,9,63
2007,2.5,2.0,4,OPTIMAL,44.9,44.900000000000006,54.900000000000006,10.0,0.0,6.6,41.400000000000006,4.5,2.4,4,0,12,0,16,2.0264699459075928,9072,4,4,16,3,2,9,63
2007,2.5,3.0,4,OPTIMAL,44.9,44.900000000000006,54.900000000000006,10.0,0.0,6.6,41.400000000000006,4.5,2.4,4,0,12,0,16,2.021496057510376,9072,4,4,16,3,2,9,63
2007,2.5,4.0,4,OPTIMAL,44.9,44.900000000000006,54.900000000000006,10.0,0.0,6.6,41.400000000000006,4.5,2.4,4,0,12,0,16,2.0260870456695557,9072,4,4,16,3,2,9,63
2007,3.0,0.0,4,OPTIMAL,41.75,41.75,68.75,27.0,0.0,6.35,43.8,12.0,6.6,9,5,7,0,16,1.9168503284454346,9072,4,4,16,3,2,9,63
2007,3.0,0.5,4,OPTIMAL,42.9,42.900000000000006,57.400000000000006,15.0,0.5,6.2,42.2,6.0,3.0,5,1,11,0,16,2.0431580543518066,9072,4,4,16,3,2,9,63
2007,3.0,1.0,4,OPTIMAL,42.9,42.900000000000006,54.900000000000006,12.0,0.0,6.6,41.400000000000006,4.5,2.4,4,0,12,0,16,2.061960220336914,9072,4,4,16,3,2,9,63
2007,3.0,2.0,4,OPTIMAL,42.9,42.900000000000006,54.900000000000006,12.0,0.0,6.6,41.400000000000006,4.5,2.4,4,0,12,0,16,2.034135103225708,9072,4,4,16,3,2,9,63
2007,3.0,3.0,4,OPTIMAL,42.9,42.900000000000006,54.900000000000006,12.0,0.0,6.6,41.400000000000006,4.5,2.4,4,0,12,0,16,2.0368621349334717,9072,4,4,16,3,2,9,63
2007,3.0,4.0,4,OPTIMAL,42.9,42.900000000000006,54.900000000000006,12.0,0.0,6.6,41.400000000000006,4.5,2.4,4,0,12,0,16,2.0859532356262207,9072,4,4,16,3,2,9,63
2008,0.0,0.0,4,OPTIMAL,47.85,47.849999999999994,47.849999999999994,0.0,0.0,6.8500000000000005,40.99999999999999,0.0,0.0,0,4,15,1,16,1.9043960571289062,9072,4,4,16,3,2,9,63
2008,0.0,0.5,4,OPTIMAL,49.85,49.85,47.85,0.0,2.0,7.05,40.800000000000004,0.0,0.0,0,4,16,0,16,2.028141975402832,9072,4,4,16,3,2,9,63
2008,0.0,1.0,4,OPTIMAL,51.85,51.85,47.85,0.0,4.0,7.05,40.800000000000004,0.0,0.0,0,4,16,0,16,2.053680896759033,9072,4,4,16,3,2,9,63
2008,0.0,2.0,4,OPTIMAL,55.55,55.55,49.55,0.0,6.0,6.8500000000000005,41.099999999999994,1.0,0.6,1,3,15,0,16,1.9631450176239014,9072,4,4,16,3,2,9,63
2008,0.0,3.0,4,OPTIMAL,56.75,56.74999999999999,56.74999999999999,0.0,0.0,7.1499999999999995,41.49999999999999,4.5,3.5999999999999996,4,0,12,0,16,2.0520007610321045,9072,4,4,16,3,2,9,63
2008,0.0,4.0,4,OPTIMAL,56.75,56.74999999999999,56.74999999999999,0.0,0.0,7.1499999999999995,41.49999999999999,4.5,3.5999999999999996,4,0,12,0,16,2.031078815460205,9072,4,4,16,3,2,9,63
2008,1.0,0.0,4,OPTIMAL,47.85,47.849999999999994,47.849999999999994,0.0,0.0,7.05,40.8,0.0,0.0,0,4,16,0,16,1.933354139328003,9072,4,4,16,3,2,9,63
2008,1.0,0.5,4,OPTIMAL,49.85,49.85,47.85,0.0,2.0,7.05,40.800000000000004,0.0,0.0,0,4,16,0,16,2.0673580169677734,9072,4,4,16,3,2,9,63
2008,1.0,1.0,4,OPTIMAL,51.55,51.55,49.55,1.0,3.0,6.8500000000000005,41.099999999999994,1.0,0.6,1,3,15,0,16,2.015805959701538,9072,4,4,16,3,2,9,63
2008,1.0,2.0,4,OPTIMAL,52.75,52.74999999999999,56.74999999999999,4.0,0.0,7.1499999999999995,41.49999999999999,4.5,3.5999999999999996,4,0,12,0,16,2.0650062561035156,9072,4,4,16,3,2,9,63
2008,1.0,3.0,4,OPTIMAL,52.75,52.74999999999999,56.74999999999999,4.0,0.0,7.1499999999999995,41.49999999999999,4.5,3.5999999999999996,4,0,12,0,16,2.0587351322174072,9072,4,4,16,3,2,9,63
2008,1.0,4.0,4,OPTIMAL,52.75,52.74999999999999,56.74999999999999,4.0,0.0,7.1499999999999995,41.49999999999999,4.5,3.5999999999999996,4,0,12,0,16,2.041813850402832,9072,4,4,16,3,2,9,63
2008,2.0,0.0,4,OPTIMAL,47.55,47.55,49.55,2.0,0.0,6.8500000000000005,41.099999999999994,1.0,0.6,1,3,15,0,16,1.9039149284362793,9072,4,4,16,3,2,9,63
2008,2.0,0.5,4,OPTIMAL,48.55,48.55,54.05,6.0,0.5,6.95,41.199999999999996,3.5,2.4,3,1,13,0,16,1.9862029552459717,9072,4,4,16,3,2,9,63
2008,2.0,1.0,4,OPTIMAL,48.75,48.74999999999999,56.74999999999999,8.0,0.0,7.1499999999999995,41.49999999999999,4.5,3.5999999999999996,4,0,12,0,16,2.00368595123291,9072,4,4,16,3,2,9,63
2008,2.0,2.0,4,OPTIMAL,48.75,48.74999999999999,56.74999999999999,8.0,0.0,7.1499999999999995,41.49999999999999,4.5,3.5999999999999996,4,0,12,0,16,2.0193052291870117,9072,4,4,16,3,2,9,63
2008,2.0,3.0,4,OPTIMAL,48.75,48.74999999999999,56.74999999999999,8.0,0.0,7.1499999999999995,41.49999999999999,4.5,3.5999999999999996,4,0,12,0,16,2.0719408988952637,9072,4,4,16,3,2,9,63
2008,2.0,4.0,4,OPTIMAL,48.75,48.74999999999999,56.74999999999999,8.0,0.0,7.1499999999999995,41.49999999999999,4.5,3.5999999999999996,4,0,12,0,16,2.0075020790100098,9072,4,4,16,3,2,9,63
2008,2.5,0.0,4,OPTIMAL,46.55,46.55,54.05,7.5,0.0,6.95,41.199999999999996,3.5,2.4,3,1,13,0,16,1.8956761360168457,9072,4,4,16,3,2,9,63
2008,2.5,0.5,4,OPTIMAL,46.75,46.74999999999999,56.74999999999999,10.0,0.0,7.1499999999999995,41.49999999999999,4.5,3.5999999999999996,4,0,12,0,16,2.004786968231201,9072,4,4,16,3,2,9,63
2008,2.5,1.0,4,OPTIMAL,46.75,46.74999999999999,56.74999999999999,10.0,0.0,7.1499999999999995,41.49999999999999,4.5,3.5999999999999996,4,0,12,0,16,1.874208927154541,9072,4,4,16,3,2,9,63
2008,2.5,2.0,4,OPTIMAL,46.75,46.74999999999999,56.74999999999999,10.0,0.0,7.1499999999999995,41.49999999999999,4.5,3.5999999999999996,4,0,12,0,16,1.997007131576538,9072,4,4,16,3,2,9,63
2008,2.5,3.0,4,OPTIMAL,46.75,46.74999999999999,56.74999999999999,10.0,0.0,7.1499999999999995,41.49999999999999,4.5,3.5999999999999996,4,0,12,0,16,1.9869318008422852,9072,4,4,16,3,2,9,63
2008,2.5,4.0,4,OPTIMAL,46.75,46.74999999999999,56.74999999999999,10.0,0.0,7.1499999999999995,41.49999999999999,4.5,3.5999999999999996,4,0,12,0,16,1.9909119606018066,9072,4,4,16,3,2,9,63
2008,3.0,0.0,4,OPTIMAL,44.55,44.55,59.55,15.0,0.0,7.1499999999999995,41.699999999999996,6.5,4.2,5,1,11,0,16,1.9026439189910889,9072,4,4,16,3,2,9,63
2008,3.0,0.5,4,OPTIMAL,44.75,44.74999999999999,56.74999999999999,12.0,0.0,7.1499999999999995,41.49999999999999,4.5,3.5999999999999996,4,0,12,0,16,2.0020508766174316,9072,4,4,16,3,2,9,63
2008,3.0,1.0,4,OPTIMAL,44.75,44.74999999999999,56.74999999999999,12.0,0.0,7.1499999999999995,41.49999999999999,4.5,3.5999999999999996,4,0,12,0,16,2.0048019886016846,9072,4,4,16,3,2,9,63
2008,3.0,2.0,4,OPTIMAL,44.75,44.74999999999999,56.74999999999999,12.0,0.0,7.1499999999999995,41.49999999999999,4.5,3.5999999999999996,4,0,12,0,16,1.9936010837554932,9072,4,4,16,3,2,9,63
2008,3.0,3.0,4,OPTIMAL,44.75,44.74999999999999,56.74999999999999,12.0,0.0,7.1499999999999995,41.49999999999999,4.5,3.5999999999999996,4,0,12,0,16,1.9997000694274902,9072,4,4,16,3,2,9,63
2008,3.0,4.0,4,OPTIMAL,44.75,44.74999999999999,56.74999999999999,12.0,0.0,7.1499999999999995,41.49999999999999,4.5,3.5999999999999996,4,0,12,0,16,2.005415201187134,9072,4,4,16,3,2,9,63
2009,0.0,0.0,4,OPTIMAL,47.0,47.00000000000001,47.00000000000001,0.0,0.0,6.200000000000001,40.800000000000004,0.0,0.0,0,4,16,0,16,2.2704081535339355,9072,4,4,16,3,2,9,63
2009,0.0,0.5,4,OPTIMAL,49.0,49.00000000000001,47.00000000000001,0.0,2.0,6.200000000000001,40.800000000000004,0.0,0.0,0,4,16,0,16,2.6995770931243896,9072,4,4,16,3,2,9,63
2009,0.0,1.0,4,OPTIMAL,51.0,51.00000000000001,47.00000000000001,0.0,4.0,6.200000000000001,40.800000000000004,0.0,0.0,0,4,16,0,16,2.6363368034362793,9072,4,4,16,3,2,9,63
2009,0.0,2.0,4,OPTIMAL,54.55,54.550000000000004,50.550000000000004,0.0,4.0,6.250000000000001,41.1,2.0,1.2,2,2,14,0,16,2.1962358951568604,9072,4,4,16,3,2,9,63
2009,0.0,3.0,4,OPTIMAL,55.15,55.150000000000006,55.150000000000006,0.0,0.0,6.550000000000001,41.9,4.0,2.7,4,0,12,0,16,2.1843390464782715,9072,4,4,16,3,2,9,63
2009,0.0,4.0,4,OPTIMAL,55.15,55.150000000000006,55.150000000000006,0.0,0.0,6.550000000000001,41.9,4.0,2.7,4,0,12,0,16,2.181972026824951,9072,4,4,16,3,2,9,63
2009,1.0,0.0,4,OPTIMAL,47.0,47.0,47.0,0.0,0.0,6.4,40.6,0.0,0.0,0,4,16,0,16,1.9484121799468994,9072,4,4,16,3,2,9,63
2009,1.0,0.5,4,OPTIMAL,49.0,49.0,47.0,0.0,2.0,6.4,40.6,0.0,0.0,0,4,16,0,16,2.2089791297912598,9072,4,4,16,3,2,9,63
2009,1.0,1.0,4,OPTIMAL,50.55,50.550000000000004,50.550000000000004,2.0,2.0,6.250000000000001,41.1,2.0,1.2,2,2,14,0,16,2.000236749649048,9072,4,4,16,3,2,9,63
2009,1.0,2.0,4,OPTIMAL,51.15,51.150000000000006,55.150000000000006,4.0,0.0,6.550000000000001,41.9,4.0,2.7,4,0,12,0,16,2.102260112762451,9072,4,4,16,3,2,9,63
2009,1.0,3.0,4,OPTIMAL,51.15,51.150000000000006,55.150000000000006,4.0,0.0,6.550000000000001,41.9,4.0,2.7,4,0,12,0,16,2.1123571395874023,9072,4,4,16,3,2,9,63
2009,1.0,4.0,4,OPTIMAL,51.15,51.150000000000006,55.150000000000006,4.0,0.0,6.550000000000001,41.9,4.0,2.7,4,0,12,0,16,2.1632039546966553,9072,4,4,16,3,2,9,63
2009,2.0,0.0,4,OPTIMAL,46.55,46.550000000000004,50.550000000000004,4.0,0.0,6.250000000000001,41.1,2.0,1.2,2,2,14,0,16,1.958164930343628,9072,4,4,16,3,2,9,63
2009,2.0,0.5,4,OPTIMAL,47.15,47.150000000000006,55.150000000000006,8.0,0.0,6.550000000000001,41.9,4.0,2.7,4,0,12,0,16,2.0263500213623047,9072,4,4,16,3,2,9,63
2009,2.0,1.0,4,OPTIMAL,47.15,47.150000000000006,55.150000000000006,8.0,0.0,6.550000000000001,41.9,4.0,2.7,4,0,12,0,16,2.01190185546875,9072,4,4,16,3,2,9,63
2009,2.0,2.0,4,OPTIMAL,47.15,47.150000000000006,55.150000000000006,8.0,0.0,6.550000000000001,41.9,4.0,2.7,4,0,12,0,16,2.0365922451019287,9072,4,4,16,3,2,9,63
2009,2.0,3.0,4,OPTIMAL,47.15,47.150000000000006,55.150000000000006,8.0,0.0,6.550000000000001,41.9,4.0,2.7,4,0,12,0,16,2.0566999912261963,9072,4,4,16,3,2,9,63
2009,2.0,4.0,4,OPTIMAL,47.15,47.150000000000006,55.150000000000006,8.0,0.0,6.550000000000001,41.9,4.0,2.7,4,0,12,0,16,2.0069918632507324,9072,4,4,16,3,2,9,63
2009,2.5,0.0,4,OPTIMAL,45.15,45.150000000000006,55.150000000000006,10.0,0.0,6.550000000000001,41.9,4.0,2.7,4,0,12,0,16,1.9392681121826172,9072,4,4,16,3,2,9,63
2009,2.5,0.5,4,OPTIMAL,45.15,45.150000000000006,55.150000000000006,10.0,0.0,6.550000000000001,41.9,4.0,2.7,4,0,12,0,16,2.0129971504211426,9072,4,4,16,3,2,9,63
2009,2.5,1.0,4,OPTIMAL,45.15,45.150000000000006,55.150000000000006,10.0,0.0,6.550000000000001,41.9,4.0,2.7,4,0,12,0,16,2.0151050090789795,9072,4,4,16,3,2,9,63
2009,2.5,2.0,4,OPTIMAL,45.15,45.150000000000006,55.150000000000006,10.0,0.0,6.550000000000001,41.9,4.0,2.7,4,0,12,0,16,2.024245023727417,9072,4,4,16,3,2,9,63
2009,2.5,3.0,4,OPTIMAL,45.15,45.150000000000006,55.150000000000006,10.0,0.0,6.550000000000001,41.9,4.0,2.7,4,0,12,0,16,2.031176805496216,9072,4,4,16,3,2,9,63
2009,2.5,4.0,4,OPTIMAL,45.15,45.150000000000006,55.150000000000006,10.0,0.0,6.550000000000001,41.9,4.0,2.7,4,0,12,0,16,1.996047019958496,9072,4,4,16,3,2,9,63
2009,3.0,0.0,4,OPTIMAL,42.0,42.0,69.0,27.0,0.0,7.0,44.0,10.5,7.499999999999998,9,5,7,0,16,1.9479117393493652,9072,4,4,16,3,2,9,63
2009,3.0,0.5,4,OPTIMAL,43.15,43.150000000000006,55.150000000000006,12.0,0.0,6.550000000000001,41.9,4.0,2.7,4,0,12,0,16,2.013033866882324,9072,4,4,16,3,2,9,63
2009,3.0,1.0,4,OPTIMAL,43.15,43.150000000000006,55.150000000000006,12.0,0.0,6.550000000000001,41.9,4.0,2.7,4,0,12,0,16,2.027414083480835,9072,4,4,16,3,2,9,63
2009,3.0,2.0,4,OPTIMAL,43.15,43.150000000000006,55.150000000000006,12.0,0.0,6.550000000000001,41.9,4.0,2.7,4,0,12,0,16,2.0215952396392822,9072,4,4,16,3,2,9,63
2009,3.0,3.0,4,OPTIMAL,43.15,43.150000000000006,55.150000000000006,12.0,0.0,6.550000000000001,41.9,4.0,2.7,4,0,12,0,16,2.042581081390381,9072,4,4,16,3,2,9,63
2009,3.0,4.0,4,OPTIMAL,43.15,43.150000000000006,55.150000000000006,12.0,0.0,6.550000000000001,41.9,4.0,2.7,4,0,12,0,16,2.0724308490753174,9072,4,4,16,3,2,9,63
2010,0.0,0.0,4,OPTIMAL,44.4,44.400000000000006,44.400000000000006,0.0,0.0,4.2,40.2,0.0,0.0,0,4,16,0,16,1.858241081237793,9072,4,4,16,3,2,9,63
2010,0.0,0.5,4,OPTIMAL,46.4,46.400000000000006,44.400000000000006,0.0,2.0,4.2,40.2,0.0,0.0,0,4,16,0,16,2.0598320960998535,9072,4,4,16,3,2,9,63
2010,0.0,1.0,4,OPTIMAL,48.4,48.400000000000006,44.400000000000006,0.0,4.0,4.2,40.2,0.0,0.0,0,4,16,0,16,2.0515551567077637,9072,4,4,16,3,2,9,63
2010,0.0,2.0,4,OPTIMAL,52.3,52.300000000000004,46.300000000000004,0.0,6.0,4.2,40.2,1.0,0.9,1,3,15,0,16,2.09195613861084,9072,4,4,16,3,2,9,63
2010,0.0,3.0,4,OPTIMAL,53.3,53.300000000000004,53.300000000000004,0.0,0.0,4.1,40.900000000000006,5.0,3.3,4,0,12,0,16,2.176769971847534,9072,4,4,16,3,2,9,63
2010,0.0,4.0,4,OPTIMAL,53.3,53.300000000000004,53.300000000000004,0.0,0.0,4.1,40.900000000000006,5.0,3.3,4,0,12,0,16,2.0956411361694336,9072,4,4,16,3,2,9,63
2010,1.0,0.0,4,OPTIMAL,44.4,44.400000000000006,44.400000000000006,0.0,0.0,4.2,40.2,0.0,0.0,0,4,16,0,16,1.8853318691253662,9072,4,4,16,3,2,9,63
2010,1.0,0.5,4,OPTIMAL,46.4,46.400000000000006,44.400000000000006,0.0,2.0,4.2,40.2,0.0,0.0,0,4,16,0,16,2.034325122833252,9072,4,4,16,3,2,9,63
2010,1.0,1.0,4,OPTIMAL,48.3,48.300000000000004,46.300000000000004,1.0,3.0,4.2,40.2,1.0,0.9,1,3,15,0,16,2.0556910037994385,9072,4,4,16,3,2,9,63
2010,1.0,2.0,4,OPTIMAL,49.3,49.300000000000004,53.300000000000004,4.0,0.0,4.1,40.900000000000006,5.0,3.3,4,0,12,0,16,2.063704013824463,9072,4,4,16,3,2,9,63
2010,1.0,3.0,4,OPTIMAL,49.3,49.300000000000004,53.300000000000004,4.0,0.0,4.1,40.900000000000006,5.0,3.3,4,0,12,0,16,2.07319712638855,9072,4,4,16,3,2,9,63
2010,1.0,4.0,4,OPTIMAL,49.3,49.300000000000004,53.300000000000004,4.0,0.0,4.1,40.900000000000006,5.0,3.3,4,0,12,0,16,2.0811209678649902,9072,4,4,16,3,2,9,63
2010,2.0,0.0,4,OPTIMAL,44.3,44.300000000000004,46.300000000000004,2.0,0.0,4.2,40.2,1.0,0.9,1,3,15,0,16,1.8811588287353516,9072,4,4,16,3,2,9,63
2010,2.0,0.5,4,OPTIMAL,45.3,45.300000000000004,53.300000000000004,8.0,0.0,4.1,40.900000000000006,5.0,3.3,4,0,12,0,16,2.02203106880188,9072,4,4,16,3,2,9,63
2010,2.0,1.0,4,OPTIMAL,45.3,45.300000000000004,53.300000000000004,8.0,0.0,4.1,40.900000000000006,5.0,3.3,4,0,12,0,16,1.9979479312896729,9072,4,4,16,3,2,9,63
2010,2.0,2.0,4,OPTIMAL,45.3,45.300000000000004,53.300000000000004,8.0,0.0,4.1,40.900000000000006,5.0,3.3,4,0,12,0,16,2.000852108001709,9072,4,4,16,3,2,9,63
2010,2.0,3.0,4,OPTIMAL,45.3,45.300000000000004,53.300000000000004,8.0,0.0,4.1,40.900000000000006,5.0,3.3,4,0,12,0,16,2.009835958480835,9072,4,4,16,3,2,9,63
2010,2.0,4.0,4,OPTIMAL,45.3,45.300000000000004,53.300000000000004,8.0,0.0,4.1,40.900000000000006,5.0,3.3,4,0,12,0,16,2.0049521923065186,9072,4,4,16,3,2,9,63
2010,2.5,0.0,4,OPTIMAL,43.3,43.300000000000004,53.300000000000004,10.0,0.0,4.1,40.900000000000006,5.0,3.3,4,0,12,0,16,1.885655164718628,9072,4,4,16,3,2,9,63
2010,2.5,0.5,4,OPTIMAL,43.3,43.300000000000004,53.300000000000004,10.0,0.0,4.1,40.900000000000006,5.0,3.3,4,0,12,0,16,1.999445915222168,9072,4,4,16,3,2,9,63
2010,2.5,1.0,4,OPTIMAL,43.3,43.300000000000004,53.300000000000004,10.0,0.0,4.1,40.900000000000006,5.0,3.3,4,0,12,0,16,1.9962060451507568,9072,4,4,16,3,2,9,63
2010,2.5,2.0,4,OPTIMAL,43.3,43.300000000000004,53.300000000000004,10.0,0.0,4.1,40.900000000000006,5.0,3.3,4,0,12,0,16,1.9988069534301758,9072,4,4,16,3,2,9,63
2010,2.5,3.0,4,OPTIMAL,43.3,43.300000000000004,53.300000000000004,10.0,0.0,4.1,40.900000000000006,5.0,3.3,4,0,12,0,16,1.9838128089904785,9072,4,4,16,3,2,9,63
2010,2.5,4.0,4,OPTIMAL,43.3,43.300000000000004,53.300000000000004,10.0,0.0,4.1,40.900000000000006,5.0,3.3,4,0,12,0,16,1.9979848861694336,9072,4,4,16,3,2,9,63
2010,3.0,0.0,4,OPTIMAL,40.55,40.55000000000001,64.55000000000001,24.0,0.0,4.05,43.10000000000001,9.0,8.4,8,4,8,0,16,1.879601240158081,9072,4,4,16,3,2,9,63
2010,3.0,0.5,4,OPTIMAL,41.3,41.300000000000004,53.300000000000004,12.0,0.0,4.1,40.900000000000006,5.0,3.3,4,0,12,0,16,2.001706123352051,9072,4,4,16,3,2,9,63
2010,3.0,1.0,4,OPTIMAL,41.3,41.300000000000004,53.300000000000004,12.0,0.0,4.1,40.900000000000006,5.0,3.3,4,0,12,0,16,2.009575843811035,9072,4,4,16,3,2,9,63
2010,3.0,2.0,4,OPTIMAL,41.3,41.300000000000004,53.300000000000004,12.0,0.0,4.1,40.900000000000006,5.0,3.3,4,0,12,0,16,2.005139112472534,9072,4,4,16,3,2,9,63
2010,3.0,3.0,4,OPTIMAL,41.3,41.300000000000004,53.300000000000004,12.0,0.0,4.1,40.900000000000006,5.0,3.3,4,0,12,0,16,2.0244107246398926,9072,4,4,16,3,2,9,63
2010,3.0,4.0,4,OPTIMAL,41.3,41.300000000000004,53.300000000000004,12.0,0.0,4.1,40.900000000000006,5.0,3.3,4,0,12,0,16,2.007390022277832,9072,4,4,16,3,2,9,63
