,x_O11_H_0,x_O11_H_1,x_O11_H_2,x_O11_H_3,x_O11_H_4,x_O11_H_5,x_O11_R_0,x_O11_R_1,x_O11_R_2,x_O11_R_3,x_O11_R_4,x_O11_R_5,x_O11_M_0,x_O11_M_1,x_O11_M_2,x_O11_M_3,x_O11_M_4,x_O11_M_5,x_O12_H_0,x_O12_H_1,x_O12_H_2,x_O12_H_3,x_O12_H_4,x_O12_H_5,x_O12_R_0,x_O12_R_1,x_O12_R_2,x_O12_R_3,x_O12_R_4,x_O12_R_5,x_O12_M_0,x_O12_M_1,x_O12_M_2,x_O12_M_3,x_O12_M_4,x_O12_M_5,x_O21_H_0,x_O21_H_1,x_O21_H_2,x_O21_H_3,x_O21_H_4,x_O21_H_5,x_O21_R_0,x_O21_R_1,x_O21_R_2,x_O21_R_3,x_O21_R_4,x_O21_R_5,x_O21_M_0,x_O21_M_1,x_O21_M_2,x_O21_M_3,x_O21_M_4,x_O21_M_5,x_O22_H_0,x_O22_H_1,x_O22_H_2,x_O22_H_3,x_O22_H_4,x_O22_H_5,x_O22_R_0,x_O22_R_1,x_O22_R_2,x_O22_R_3,x_O22_R_4,x_O22_R_5,x_O22_M_0,x_O22_M_1,x_O22_M_2,x_O22_M_3,x_O22_M_4,x_O22_M_5
x_O11_H_0,-33.1,40.0,40.0,40.0,40.0,40.0,40.0,40.0,40.0,40.0,40.0,40.0,40.0,40.0,40.0,40.0,40.0,40.0,50.0,50.0,0.0,0.0,0.0,0.0,25.0,25.0,0.0,0.0,0.0,0.0,25.0,25.0,0.0,0.0,0.0,0.0,25.0,25.0,0.0,0.0,0.0,0.0,0.0,0.0,0.0,0.0,0.0,0.0,0.0,0.0,0.0,0.0,0.0,0.0,25.0,25.0,0.0,0.0,0.0,0.0,0.0,0.0,0.0,0.0,0.0,0.0,0.0,0.0,0.0,0.0,0.0,0.0
x_O11_H_1,40.0,-32.9,40.0,40.0,40.0,40.0,40.0,40.0,40.0,40.0,40.0,40.0,40.0,40.0,40.0,40.0,40.0,40.0,50.0,50.0,50.0,0.0,0.0,0.0,25.0,25.0,25.0,0.0,0.0,0.0,25.0,25.0,25.0,0.0,0.0,0.0,0.0,25.0,25.0,0.0,0.0,0.0,0.0,0.0,0.0,0.0,0.0,0.0,0.0,0.0,0.0,0.0,0.0,0.0,25.0,25.0,25.0,0.0,0.0,0.0,0.0,0.0,0.0,0.0,0.0,0.0,0.0,0.0,0.0,0.0,0.0,0.0
x_O11_H_2,40.0,40.0,-32.7,40.0,40.0,40.0,40.0,40.0,40.0,40.0,40.0,40.0,40.0,40.0,40.0,40.0,40.0,40.0,25.0,50.0,50.0,50.0,0.0,0.0,25.0,25.0,25.0,25.0,0.0,0.0,25.0,25.0,25.0,25.0,0.0,0.0,0.0,0.0,25.0,25.0,0.0,0.0,0.0,0.0,0.0,0.0,0.0,0.0,0.0,0.0,0.0,0.0,0.0,0.0,0.0,25.0,25.0,25.0,0.0,0.0,0.0,0.0,0.0,0.0,0.0,0.0,0.0,0.0,0.0,0.0,0.0,0.0
x_O11_H_3,40.0,40.0,40.0,-32.5,40.0,40.0,40.0,40.0,40.0,40.0,40.0,40.0,40.0,40.0,40.0,40.0,40.0,40.0,25.0,25.0,50.0,50.0,50.0,0.0,25.0,25.0,25.0,25.0,25.0,0.0,25.0,25.0,25.0,25.0,25.0,0.0,0.0,0.0,0.0,25.0,25.0,0.0,0.0,0.0,0.0,0.0,0.0,0.0,0.0,0.0,0.0,0.0,0.0,0.0,0.0,0.0,25.0,25.0,25.0,0.0,0.0,0.0,0.0,0.0,0.0,0.0,0.0,0.0,0.0,0.0,0.0,0.0
x_O11_H_4,40.0,40.0,40.0,40.0,-32.3,40.0,40.0,40.0,40.0,40.0,40.0,40.0,40.0,40.0,40.0,40.0,40.0,40.0,25.0,25.0,25.0,50.0,50.0,50.0,25.0,25.0,25.0,25.0,25.0,25.0,25.0,25.0,25.0,25.0,25.0,25.0,0.0,0.0,0.0,0.0,25.0,25.0,0.0,0.0,0.0,0.0,0.0,0.0,0.0,0.0,0.0,0.0,0.0,0.0,0.0,0.0,0.0,25.0,25.0,25.0,0.0,0.0,0.0,0.0,0.0,0.0,0.0,0.0,0.0,0.0,0.0,0.0
x_O11_H_5,40.0,40.0,40.0,40.0,40.0,17.9,40.0,40.0,40.0,40.0,40.0,40.0,40.0,40.0,40.0,40.0,40.0,40.0,25.0,25.0,25.0,25.0,50.0,50.0,25.0,25.0,25.0,25.0,25.0,25.0,25.0,25.0,25.0,25.0,25.0,25.0,0.0,0.0,0.0,0.0,0.0,25.0,0.0,0.0,0.0,0.0,0.0,0.0,0.0,0.0,0.0,0.0,0.0,0.0,0.0,0.0,0.0,0.0,25.0,25.0,0.0,0.0,0.0,0.0,0.0,0.0,0.0,0.0,0.0,0.0,0.0,0.0
x_O11_R_0,40.0,40.0,40.0,40.0,40.0,40.0,-38.0,45.0,45.0,45.0,45.0,45.0,40.0,40.0,40.0,40.0,40.0,40.0,25.0,25.0,0.0,0.0,0.0,0.0,55.0,55.0,5.0,5.0,5.0,5.0,25.0,25.0,0.0,0.0,0.0,0.0,0.0,0.0,0.0,0.0,0.0,0.0,30.0,30.0,5.0,5.0,5.0,5.0,0.0,0.0,0.0,0.0,0.0,0.0,0.0,0.0,0.0,0.0,0.0,0.0,30.0,30.0,5.0,5.0,5.0,5.0,0.0,0.0,0.0,0.0,0.0,0.0
x_O11_R_1,40.0,40.0,40.0,40.0,40.0,40.0,45.0,-37.8,45.0,45.0,45.0,45.0,40.0,40.0,40.0,40.0,40.0,40.0,25.0,25.0,25.0,0.0,0.0,0.0,55.0,55.0,55.0,5.0,5.0,5.0,25.0,25.0,25.0,0.0,0.0,0.0,0.0,0.0,0.0,0.0,0.0,0.0,30.0,30.0,30.0,5.0,5.0,5.0,0.0,0.0,0.0,0.0,0.0,0.0,0.0,0.0,0.0,0.0,0.0,0.0,30.0,30.0,30.0,5.0,5.0,5.0,0.0,0.0,0.0,0.0,0.0,0.0
x_O11_R_2,40.0,40.0,40.0,40.0,40.0,40.0,45.0,45.0,-37.6,45.0,45.0,45.0,40.0,40.0,40.0,40.0,40.0,40.0,25.0,25.0,25.0,25.0,0.0,0.0,55.0,55.0,55.0,55.0,5.0,5.0,25.0,25.0,25.0,25.0,0.0,0.0,0.0,0.0,0.0,0.0,0.0,0.0,5.0,30.0,30.0,30.0,5.0,5.0,0.0,0.0,0.0,0.0,0.0,0.0,0.0,0.0,0.0,0.0,0.0,0.0,30.0,30.0,30.0,30.0,5.0,5.0,0.0,0.0,0.0,0.0,0.0,0.0
x_O11_R_3,40.0,40.0,40.0,40.0,40.0,40.0,45.0,45.0,45.0,-37.4,45.0,45.0,40.0,40.0,40.0,40.0,40.0,40.0,25.0,25.0,25.0,25.0,25.0,0.0,55.0,55.0,55.0,55.0,55.0,5.0,25.0,25.0,25.0,25.0,25.0,0.0,0.0,0.0,0.0,0.0,0.0,0.0,5.0,5.0,30.0,30.0,30.0,5.0,0.0,0.0,0.0,0.0,0.0,0.0,0.0,0.0,0.0,0.0,0.0,0.0,30.0,30.0,30.0,30.0,30.0,5.0,0.0,0.0,0.0,0.0,0.0,0.0
x_O11_R_4,40.0,40.0,40.0,40.0,40.0,40.0,45.0,45.0,45.0,45.0,-37.2,45.0,40.0,40.0,40.0,40.0,40.0,40.0,25.0,25.0,25.0,25.0,25.0,25.0,55.0,55.0,55.0,55.0,55.0,55.0,25.0,25.0,25.0,25.0,25.0,25.0,0.0,0.0,0.0,0.0,0.0,0.0,5.0,5.0,5.0,30.0,30.0,30.0,0.0,0.0,0.0,0.0,0.0,0.0,0.0,0.0,0.0,0.0,0.0,0.0,30.0,30.0,30.0,30.0,30.0,30.0,0.0,0.0,0.0,0.0,0.0,0.0
x_O11_R_5,40.0,40.0,40.0,40.0,40.0,40.0,45.0,45.0,45.0,45.0,45.0,13.0,40.0,40.0,40.0,40.0,40.0,40.0,25.0,25.0,25.0,25.0,25.0,25.0,55.0,55.0,55.0,55.0,55.0,55.0,25.0,25.0,25.0,25.0,25.0,25.0,0.0,0.0,0.0,0.0,0.0,0.0,5.0,5.0,5.0,5.0,30.0,30.0,0.0,0.0,0.0,0.0,0.0,0.0,0.0,0.0,0.0,0.0,0.0,0.0,30.0,30.0,30.0,30.0,30.0,30.0,0.0,0.0,0.0,0.0,0.0,0.0
x_O11_M_0,40.0,40.0,40.0,40.0,40.0,40.0,40.0,40.0,40.0,40.0,40.0,40.0,-35.0,40.0,40.0,40.0,40.0,40.0,25.0,0.0,0.0,0.0,0.0,0.0,25.0,0.0,0.0,0.0,0.0,0.0,50.0,0.0,0.0,0.0,0.0,0.0,0.0,0.0,0.0,0.0,0.0,0.0,0.0,0.0,0.0,0.0,0.0,0.0,25.0,0.0,0.0,0.0,0.0,0.0,0.0,0.0,0.0,0.0,0.0,0.0,0.0,0.0,0.0,0.0,0.0,0.0,25.0,0.0,0.0,0.0,0.0,0.0
x_O11_M_1,40.0,40.0,40.0,40.0,40.0,40.0,40.0,40.0,40.0,40.0,40.0,40.0,40.0,-34.8,40.0,40.0,40.0,40.0,25.0,25.0,0.0,0.0,0.0,0.0,25.0,25.0,0.0,0.0,0.0,0.0,50.0,50.0,0.0,0.0,0.0,0.0,0.0,0.0,0.0,0.0,0.0,0.0,0.0,0.0,0.0,0.0,0.0,0.0,25.0,25.0,0.0,0.0,0.0,0.0,0.0,0.0,0.0,0.0,0.0,0.0,0.0,0.0,0.0,0.0,0.0,0.0,0.0,25.0,0.0,0.0,0.0,0.0
x_O11_M_2,40.0,40.0,40.0,40.0,40.0,40.0,40.0,40.0,40.0,40.0,40.0,40.0,40.0,40.0,-34.6,40.0,40.0,40.0,25.0,25.0,25.0,0.0,0.0,0.0,25.0,25.0,25.0,0.0,0.0,0.0,25.0,50.0,50.0,0.0,0.0,0.0,0.0,0.0,0.0,0.0,0.0,0.0,0.0,0.0,0.0,0.0,0.0,0.0,25.0,25.0,25.0,0.0,0.0,0.0,0.0,0.0,0.0,0.0,0.0,0.0,0.0,0.0,0.0,0.0,0.0,0.0,0.0,0.0,25.0,0.0,0.0,0.0
x_O11_M_3,40.0,40.0,40.0,40.0,40.0,40.0,40.0,40.0,40.0,40.0,40.0,40.0,40.0,40.0,40.0,-34.4,40.0,40.0,25.0,25.0,25.0,25.0,0.0,0.0,25.0,25.0,25.0,25.0,0.0,0.0,25.0,25.0,50.0,50.0,0.0,0.0,0.0,0.0,0.0,0.0,0.0,0.0,0.0,0.0,0.0,0.0,0.0,0.0,25.0,25.0,25.0,25.0,0.0,0.0,0.0,0.0,0.0,0.0,0.0,0.0,0.0,0.0,0.0,0.0,0.0,0.0,0.0,0.0,0.0,25.0,0.0,0.0
x_O11_M_4,40.0,40.0,40.0,40.0,40.0,40.0,40.0,40.0,40.0,40.0,40.0,40.0,40.0,40.0,40.0,40.0,-34.2,40.0,25.0,25.0,25.0,25.0,25.0,0.0,25.0,25.0,25.0,25.0,25.0,0.0,25.0,25.0,25.0,50.0,50.0,0.0,0.0,0.0,0.0,0.0,0.0,0.0,0.0,0.0,0.0,0.0,0.0,0.0,25.0,25.0,25.0,25.0,25.0,0.0,0.0,0.0,0.0,0.0,0.0,0.0,0.0,0.0,0.0,0.0,0.0,0.0,0.0,0.0,0.0,0.0,25.0,0.0
x_O11_M_5,40.0,40.0,40.0,40.0,40.0,40.0,40.0,40.0,40.0,40.0,40.0,40.0,40.0,40.0,40.0,40.0,40.0,-34.0,25.0,25.0,25.0,25.0,25.0,25.0,25.0,25.0,25.0,25.0,25.0,25.0,25.0,25.0,25.0,25.0,50.0,50.0,0.0,0.0,0.0,0.0,0.0,0.0,0.0,0.0,0.0,0.0,0.0,0.0,25.0,25.0,25.0,25.0,25.0,25.0,0.0,0.0,0.0,0.0,0.0,0.0,0.0,0.0,0.0,0.0,0.0,0.0,0.0,0.0,0.0,0.0,0.0,25.0
x_O12_H_0,50.0,50.0,25.0,25.0,25.0,25.0,25.0,25.0,25.0,25.0,25.0,25.0,25.0,25.0,25.0,25.0,25.0,25.0,-23.9,40.0,40.0,40.0,40.0,40.0,40.0,40.0,40.0,40.0,40.0,40.0,40.0,40.0,40.0,40.0,40.0,40.0,25.0,25.0,0.0,0.0,0.0,0.0,0.0,0.0,0.0,0.0,0.0,0.0,0.0,0.0,0.0,0.0,0.0,0.0,25.0,25.0,0.0,0.0,0.0,0.0,0.0,0.0,0.0,0.0,0.0,0.0,0.0,0.0,0.0,0.0,0.0,0.0
x_O12_H_1,50.0,50.0,50.0,25.0,25.0,25.0,25.0,25.0,25.0,25.0,25.0,25.0,0.0,25.0,25.0,25.0,25.0,25.0,40.0,-23.700000000000003,40.0,40.0,40.0,40.0,40.0,40.0,40.0,40.0,40.0,40.0,40.0,40.0,40.0,40.0,40.0,40.0,0.0,25.0,25.0,0.0,0.0,0.0,0.0,0.0,0.0,0.0,0.0,0.0,0.0,0.0,0.0,0.0,0.0,0.0,25.0,25.0,25.0,0.0,0.0,0.0,0.0,0.0,0.0,0.0,0.0,0.0,0.0,0.0,0.0,0.0,0.0,0.0
x_O12_H_2,0.0,50.0,50.0,50.0,25.0,25.0,0.0,25.0,25.0,25.0,25.0,25.0,0.0,0.0,25.0,25.0,25.0,25.0,40.0,40.0,-23.5,40.0,40.0,40.0,40.0,40.0,40.0,40.0,40.0,40.0,40.0,40.0,40.0,40.0,40.0,40.0,0.0,0.0,25.0,25.0,0.0,0.0,0.0,0.0,0.0,0.0,0.0,0.0,0.0,0.0,0.0,0.0,0.0,0.0,0.0,25.0,25.0,25.0,0.0,0.0,0.0,0.0,0.0,0.0,0.0,0.0,0.0,0.0,0.0,0.0,0.0,0.0
x_O12_H_3,0.0,0.0,50.0,50.0,50.0,25.0,0.0,0.0,25.0,25.0,25.0,25.0,0.0,0.0,0.0,25.0,25.0,25.0,40.0,40.0,40.0,-23.3,40.0,40.0,40.0,40.0,40.0,40.0,40.0,40.0,40.0,40.0,40.0,40.0,40.0,40.0,0.0,0.0,0.0,25.0,25.0,0.0,0.0,0.0,0.0,0.0,0.0,0.0,0.0,0.0,0.0,0.0,0.0,0.0,0.0,0.0,25.0,25.0,25.0,0.0,0.0,0.0,0.0,0.0,0.0,0.0,0.0,0.0,0.0,0.0,0.0,0.0
x_O12_H_4,0.0,0.0,0.0,50.0,50.0,50.0,0.0,0.0,0.0,25.0,25.0,25.0,0.0,0.0,0.0,0.0,25.0,25.0,40.0,40.0,40.0,40.0,-23.1,40.0,40.0,40.0,40.0,40.0,40.0,40.0,40.0,40.0,40.0,40.0,40.0,40.0,0.0,0.0,0.0,0.0,25.0,25.0,0.0,0.0,0.0,0.0,0.0,0.0,0.0,0.0,0.0,0.0,0.0,0.0,0.0,0.0,0.0,25.0,25.0,25.0,0.0,0.0,0.0,0.0,0.0,0.0,0.0,0.0,0.0,0.0,0.0,0.0
x_O12_H_5,0.0,0.0,0.0,0.0,50.0,50.0,0.0,0.0,0.0,0.0,25.0,25.0,0.0,0.0,0.0,0.0,0.0,25.0,40.0,40.0,40.0,40.0,40.0,27.1,40.0,40.0,40.0,40.0,40.0,40.0,40.0,40.0,40.0,40.0,40.0,40.0,0.0,0.0,0.0,0.0,0.0,25.0,0.0,0.0,0.0,0.0,0.0,0.0,0.0,0.0,0.0,0.0,0.0,0.0,0.0,0.0,0.0,0.0,25.0,25.0,0.0,0.0,0.0,0.0,0.0,0.0,0.0,0.0,0.0,0.0,0.0,0.0
x_O12_R_0,25.0,25.0,25.0,25.0,25.0,25.0,55.0,55.0,55.0,55.0,55.0,55.0,25.0,25.0,25.0,25.0,25.0,25.0,40.0,40.0,40.0,40.0,40.0,40.0,49303444.0,45.0,45.0,45.0,45.0,45.0,40.0,40.0,40.0,40.0,40.0,40.0,0.0,0.0,0.0,0.0,0.0,0.0,30.0,30.0,30.0,30.0,30.0,30.0,0.0,0.0,0.0,0.0,0.0,0.0,0.0,0.0,0.0,0.0,0.0,0.0,30.0,30.0,30.0,30.0,30.0,30.0,0.0,0.0,0.0,0.0,0.0,0.0
x_O12_R_1,25.0,25.0,25.0,25.0,25.0,25.0,55.0,55.0,55.0,55.0,55.0,55.0,0.0,25.0,25.0,25.0,25.0,25.0,40.0,40.0,40.0,40.0,40.0,40.0,45.0,49402794.2,45.0,45.0,45.0,45.0,40.0,40.0,40.0,40.0,40.0,40.0,0.0,0.0,0.0,0.0,0.0,0.0,30.0,30.0,30.0,30.0,30.0,30.0,0.0,0.0,0.0,0.0,0.0,0.0,0.0,0.0,0.0,0.0,0.0,0.0,30.0,30.0,30.0,30.0,30.0,30.0,0.0,0.0,0.0,0.0,0.0,0.0
x_O12_R_2,0.0,25.0,25.0,25.0,25.0,25.0,5.0,55.0,55.0,55.0,55.0,55.0,0.0,0.0,25.0,25.0,25.0,25.0,40.0,40.0,40.0,40.0,40.0,40.0,45.0,45.0,49502244.4,45.0,45.0,45.0,40.0,40.0,40.0,40.0,40.0,40.0,0.0,0.0,0.0,0.0,0.0,0.0,5.0,30.0,30.0,30.0,30.0,30.0,0.0,0.0,0.0,0.0,0.0,0.0,0.0,0.0,0.0,0.0,0.0,0.0,30.0,30.0,30.0,30.0,30.0,30.0,0.0,0.0,0.0,0.0,0.0,0.0
x_O12_R_3,0.0,0.0,25.0,25.0,25.0,25.0,5.0,5.0,55.0,55.0,55.0,55.0,0.0,0.0,0.0,25.0,25.0,25.0,40.0,40.0,40.0,40.0,40.0,40.0,45.0,45.0,45.0,49601794.6,45.0,45.0,40.0,40.0,40.0,40.0,40.0,40.0,0.0,0.0,0.0,0.0,0.0,0.0,5.0,5.0,30.0,30.0,30.0,30.0,0.0,0.0,0.0,0.0,0.0,0.0,0.0,0.0,0.0,0.0,0.0,0.0,30.0,30.0,30.0,30.0,30.0,30.0,0.0,0.0,0.0,0.0,0.0,0.0
x_O12_R_4,0.0,0.0,0.0,25.0,25.0,25.0,5.0,5.0,5.0,55.0,55.0,55.0,0.0,0.0,0.0,0.0,25.0,25.0,40.0,40.0,40.0,40.0,40.0,40.0,45.0,45.0,45.0,45.0,49701444.8,45.0,40.0,40.0,40.0,40.0,40.0,40.0,0.0,0.0,0.0,0.0,0.0,0.0,5.0,5.0,5.0,30.0,30.0,30.0,0.0,0.0,0.0,0.0,0.0,0.0,0.0,0.0,0.0,0.0,0.0,0.0,30.0,30.0,30.0,30.0,30.0,30.0,0.0,0.0,0.0,0.0,0.0,0.0
x_O12_R_5,0.0,0.0,0.0,0.0,25.0,25.0,5.0,5.0,5.0,5.0,55.0,55.0,0.0,0.0,0.0,0.0,0.0,25.0,40.0,40.0,40.0,40.0,40.0,40.0,45.0,45.0,45.0,45.0,45.0,49801195.0,40.0,40.0,40.0,40.0,40.0,40.0,0.0,0.0,0.0,0.0,0.0,0.0,5.0,5.0,5.0,5.0,30.0,30.0,0.0,0.0,0.0,0.0,0.0,0.0,0.0,0.0,0.0,0.0,0.0,0.0,30.0,30.0,30.0,30.0,30.0,30.0,0.0,0.0,0.0,0.0,0.0,0.0
x_O12_M_0,25.0,25.0,25.0,25.0,25.0,25.0,25.0,25.0,25.0,25.0,25.0,25.0,50.0,50.0,25.0,25.0,25.0,25.0,40.0,40.0,40.0,40.0,40.0,40.0,40.0,40.0,40.0,40.0,40.0,40.0,-36.0,40.0,40.0,40.0,40.0,40.0,0.0,0.0,0.0,0.0,0.0,0.0,0.0,0.0,0.0,0.0,0.0,0.0,25.0,25.0,0.0,0.0,0.0,0.0,0.0,0.0,0.0,0.0,0.0,0.0,0.0,0.0,0.0,0.0,0.0,0.0,25.0,25.0,0.0,0.0,0.0,0.0
x_O12_M_1,25.0,25.0,25.0,25.0,25.0,25.0,25.0,25.0,25.0,25.0,25.0,25.0,0.0,50.0,50.0,25.0,25.0,25.0,40.0,40.0,40.0,40.0,40.0,40.0,40.0,40.0,40.0,40.0,40.0,40.0,40.0,-35.8,40.0,40.0,40.0,40.0,0.0,0.0,0.0,0.0,0.0,0.0,0.0,0.0,0.0,0.0,0.0,0.0,25.0,25.0,25.0,0.0,0.0,0.0,0.0,0.0,0.0,0.0,0.0,0.0,0.0,0.0,0.0,0.0,0.0,0.0,0.0,25.0,25.0,0.0,0.0,0.0
x_O12_M_2,0.0,25.0,25.0,25.0,25.0,25.0,0.0,25.0,25.0,25.0,25.0,25.0,0.0,0.0,50.0,50.0,25.0,25.0,40.0,40.0,40.0,40.0,40.0,40.0,40.0,40.0,40.0,40.0,40.0,40.0,40.0,40.0,-35.6,40.0,40.0,40.0,0.0,0.0,0.0,0.0,0.0,0.0,0.0,0.0,0.0,0.0,0.0,0.0,25.0,25.0,25.0,25.0,0.0,0.0,0.0,0.0,0.0,0.0,0.0,0.0,0.0,0.0,0.0,0.0,0.0,0.0,0.0,0.0,25.0,25.0,0.0,0.0
x_O12_M_3,0.0,0.0,25.0,25.0,25.0,25.0,0.0,0.0,25.0,25.0,25.0,25.0,0.0,0.0,0.0,50.0,50.0,25.0,40.0,40.0,40.0,40.0,40.0,40.0,40.0,40.0,40.0,40.0,40.0,40.0,40.0,40.0,40.0,-35.4,40.0,40.0,0.0,0.0,0.0,0.0,0.0,0.0,0.0,0.0,0.0,0.0,0.0,0.0,25.0,25.0,25.0,25.0,25.0,0.0,0.0,0.0,0.0,0.0,0.0,0.0,0.0,0.0,0.0,0.0,0.0,0.0,0.0,0.0,0.0,25.0,25.0,0.0
x_O12_M_4,0.0,0.0,0.0,25.0,25.0,25.0,0.0,0.0,0.0,25.0,25.0,25.0,0.0,0.0,0.0,0.0,50.0,50.0,40.0,40.0,40.0,40.0,40.0,40.0,40.0,40.0,40.0,40.0,40.0,40.0,40.0,40.0,40.0,40.0,-35.2,40.0,0.0,0.0,0.0,0.0,0.0,0.0,0.0,0.0,0.0,0.0,0.0,0.0,25.0,25.0,25.0,25.0,25.0,25.0,0.0,0.0,0.0,0.0,0.0,0.0,0.0,0.0,0.0,0.0,0.0,0.0,0.0,0.0,0.0,0.0,25.0,25.0
x_O12_M_5,0.0,0.0,0.0,0.0,25.0,25.0,0.0,0.0,0.0,0.0,25.0,25.0,0.0,0.0,0.0,0.0,0.0,50.0,40.0,40.0,40.0,40.0,40.0,40.0,40.0,40.0,40.0,40.0,40.0,40.0,40.0,40.0,40.0,40.0,40.0,15.0,0.0,0.0,0.0,0.0,0.0,0.0,0.0,0.0,0.0,0.0,0.0,0.0,25.0,25.0,25.0,25.0,25.0,25.0,0.0,0.0,0.0,0.0,0.0,0.0,0.0,0.0,0.0,0.0,0.0,0.0,0.0,0.0,0.0,0.0,0.0,25.0
x_O21_H_0,25.0,0.0,0.0,0.0,0.0,0.0,0.0,0.0,0.0,0.0,0.0,0.0,0.0,0.0,0.0,0.0,0.0,0.0,25.0,0.0,0.0,0.0,0.0,0.0,0.0,0.0,0.0,0.0,0.0,0.0,0.0,0.0,0.0,0.0,0.0,0.0,-30.9,40.0,40.0,40.0,40.0,40.0,40.0,40.0,40.0,40.0,40.0,40.0,40.0,40.0,40.0,40.0,40.0,40.0,50.0,0.0,0.0,0.0,0.0,0.0,25.0,0.0,0.0,0.0,0.0,0.0,25.0,0.0,0.0,0.0,0.0,0.0
x_O21_H_1,25.0,25.0,0.0,0.0,0.0,0.0,0.0,0.0,0.0,0.0,0.0,0.0,0.0,0.0,0.0,0.0,0.0,0.0,25.0,25.0,0.0,0.0,0.0,0.0,0.0,0.0,0.0,0.0,0.0,0.0,0.0,0.0,0.0,0.0,0.0,0.0,40.0,-30.7,40.0,40.0,40.0,40.0,40.0,40.0,40.0,40.0,40.0,40.0,40.0,40.0,40.0,40.0,40.0,40.0,50.0,50.0,0.0,0.0,0.0,0.0,25.0,25.0,0.0,0.0,0.0,0.0,25.0,25.0,0.0,0.0,0.0,0.0
x_O21_H_2,0.0,25.0,25.0,0.0,0.0,0.0,0.0,0.0,0.0,0.0,0.0,0.0,0.0,0.0,0.0,0.0,0.0,0.0,0.0,25.0,25.0,0.0,0.0,0.0,0.0,0.0,0.0,0.0,0.0,0.0,0.0,0.0,0.0,0.0,0.0,0.0,40.0,40.0,-30.5,40.0,40.0,40.0,40.0,40.0,40.0,40.0,40.0,40.0,40.0,40.0,40.0,40.0,40.0,40.0,25.0,50.0,50.0,0.0,0.0,0.0,25.0,25.0,25.0,0.0,0.0,0.0,25.0,25.0,25.0,0.0,0.0,0.0
x_O21_H_3,0.0,0.0,25.0,25.0,0.0,0.0,0.0,0.0,0.0,0.0,0.0,0.0,0.0,0.0,0.0,0.0,0.0,0.0,0.0,0.0,25.0,25.0,0.0,0.0,0.0,0.0,0.0,0.0,0.0,0.0,0.0,0.0,0.0,0.0,0.0,0.0,40.0,40.0,40.0,-30.3,40.0,40.0,40.0,40.0,40.0,40.0,40.0,40.0,40.0,40.0,40.0,40.0,40.0,40.0,25.0,25.0,50.0,50.0,0.0,0.0,25.0,25.0,25.0,25.0,0.0,0.0,25.0,25.0,25.0,25.0,0.0,0.0
x_O21_H_4,0.0,0.0,0.0,25.0,25.0,0.0,0.0,0.0,0.0,0.0,0.0,0.0,0.0,0.0,0.0,0.0,0.0,0.0,0.0,0.0,0.0,25.0,25.0,0.0,0.0,0.0,0.0,0.0,0.0,0.0,0.0,0.0,0.0,0.0,0.0,0.0,40.0,40.0,40.0,40.0,-30.1,40.0,40.0,40.0,40.0,40.0,40.0,40.0,40.0,40.0,40.0,40.0,40.0,40.0,25.0,25.0,25.0,50.0,50.0,0.0,25.0,25.0,25.0,25.0,25.0,0.0,25.0,25.0,25.0,25.0,25.0,0.0
x_O21_H_5,0.0,0.0,0.0,0.0,25.0,25.0,0.0,0.0,0.0,0.0,0.0,0.0,0.0,0.0,0.0,0.0,0.0,0.0,0.0,0.0,0.0,0.0,25.0,25.0,0.0,0.0,0.0,0.0,0.0,0.0,0.0,0.0,0.0,0.0,0.0,0.0,40.0,40.0,40.0,40.0,40.0,-29.9,40.0,40.0,40.0,40.0,40.0,40.0,40.0,40.0,40.0,40.0,40.0,40.0,25.0,25.0,25.0,25.0,50.0,50.0,25.0,25.0,25.0,25.0,25.0,25.0,25.0,25.0,25.0,25.0,25.0,25.0
x_O21_R_0,0.0,0.0,0.0,0.0,0.0,0.0,30.0,30.0,5.0,5.0,5.0,5.0,0.0,0.0,0.0,0.0,0.0,0.0,0.0,0.0,0.0,0.0,0.0,0.0,30.0,30.0,5.0,5.0,5.0,5.0,0.0,0.0,0.0,0.0,0.0,0.0,40.0,40.0,40.0,40.0,40.0,40.0,-39.0,45.0,45.0,45.0,45.0,45.0,40.0,40.0,40.0,40.0,40.0,40.0,25.0,25.0,0.0,0.0,0.0,0.0,55.0,55.0,5.0,5.0,5.0,5.0,25.0,25.0,0.0,0.0,0.0,0.0
x_O21_R_1,0.0,0.0,0.0,0.0,0.0,0.0,30.0,30.0,30.0,5.0,5.0,5.0,0.0,0.0,0.0,0.0,0.0,0.0,0.0,0.0,0.0,0.0,0.0,0.0,30.0,30.0,30.0,5.0,5.0,5.0,0.0,0.0,0.0,0.0,0.0,0.0,40.0,40.0,40.0,40.0,40.0,40.0,45.0,-38.8,45.0,45.0,45.0,45.0,40.0,40.0,40.0,40.0,40.0,40.0,25.0,25.0,25.0,0.0,0.0,0.0,55.0,55.0,55.0,5.0,5.0,5.0,25.0,25.0,25.0,0.0,0.0,0.0
x_O21_R_2,0.0,0.0,0.0,0.0,0.0,0.0,5.0,30.0,30.0,30.0,5.0,5.0,0.0,0.0,0.0,0.0,0.0,0.0,0.0,0.0,0.0,0.0,0.0,0.0,30.0,30.0,30.0,30.0,5.0,5.0,0.0,0.0,0.0,0.0,0.0,0.0,40.0,40.0,40.0,40.0,40.0,40.0,45.0,45.0,-38.6,45.0,45.0,45.0,40.0,40.0,40.0,40.0,40.0,40.0,25.0,25.0,25.0,25.0,0.0,0.0,55.0,55.0,55.0,55.0,5.0,5.0,25.0,25.0,25.0,25.0,0.0,0.0
x_O21_R_3,0.0,0.0,0.0,0.0,0.0,0.0,5.0,5.0,30.0,30.0,30.0,5.0,0.0,0.0,0.0,0.0,0.0,0.0,0.0,0.0,0.0,0.0,0.0,0.0,30.0,30.0,30.0,30.0,30.0,5.0,0.0,0.0,0.0,0.0,0.0,0.0,40.0,40.0,40.0,40.0,40.0,40.0,45.0,45.0,45.0,-38.4,45.0,45.0,40.0,40.0,40.0,40.0,40.0,40.0,25.0,25.0,25.0,25.0,25.0,0.0,55.0,55.0,55.0,55.0,55.0,5.0,25.0,25.0,25.0,25.0,25.0,0.0
x_O21_R_4,0.0,0.0,0.0,0.0,0.0,0.0,5.0,5.0,5.0,30.0,30.0,30.0,0.0,0.0,0.0,0.0,0.0,0.0,0.0,0.0,0.0,0.0,0.0,0.0,30.0,30.0,30.0,30.0,30.0,30.0,0.0,0.0,0.0,0.0,0.0,0.0,40.0,40.0,40.0,40.0,40.0,40.0,45.0,45.0,45.0,45.0,-38.2,45.0,40.0,40.0,40.0,40.0,40.0,40.0,25.0,25.0,25.0,25.0,25.0,25.0,55.0,55.0,55.0,55.0,55.0,55.0,25.0,25.0,25.0,25.0,25.0,25.0
x_O21_R_5,0.0,0.0,0.0,0.0,0.0,0.0,5.0,5.0,5.0,5.0,30.0,30.0,0.0,0.0,0.0,0.0,0.0,0.0,0.0,0.0,0.0,0.0,0.0,0.0,30.0,30.0,30.0,30.0,30.0,30.0,0.0,0.0,0.0,0.0,0.0,0.0,40.0,40.0,40.0,40.0,40.0,40.0,45.0,45.0,45.0,45.0,45.0,12.0,40.0,40.0,40.0,40.0,40.0,40.0,25.0,25.0,25.0,25.0,25.0,25.0,55.0,55.0,55.0,55.0,55.0,55.0,25.0,25.0,25.0,25.0,25.0,25.0
x_O21_M_0,0.0,0.0,0.0,0.0,0.0,0.0,0.0,0.0,0.0,0.0,0.0,0.0,25.0,25.0,25.0,25.0,25.0,25.0,0.0,0.0,0.0,0.0,0.0,0.0,0.0,0.0,0.0,0.0,0.0,0.0,25.0,25.0,25.0,25.0,25.0,25.0,40.0,40.0,40.0,40.0,40.0,40.0,40.0,40.0,40.0,40.0,40.0,40.0,49303449.0,40.0,40.0,40.0,40.0,40.0,25.0,25.0,25.0,25.0,25.0,25.0,25.0,25.0,25.0,25.0,25.0,25.0,50.0,50.0,50.0,50.0,50.0,50.0
x_O21_M_1,0.0,0.0,0.0,0.0,0.0,0.0,0.0,0.0,0.0,0.0,0.0,0.0,0.0,25.0,25.0,25.0,25.0,25.0,0.0,0.0,0.0,0.0,0.0,0.0,0.0,0.0,0.0,0.0,0.0,0.0,25.0,25.0,25.0,25.0,25.0,25.0,40.0,40.0,40.0,40.0,40.0,40.0,40.0,40.0,40.0,40.0,40.0,40.0,40.0,49402799.2,40.0,40.0,40.0,40.0,25.0,25.0,25.0,25.0,25.0,25.0,25.0,25.0,25.0,25.0,25.0,25.0,25.0,50.0,50.0,50.0,50.0,50.0
x_O21_M_2,0.0,0.0,0.0,0.0,0.0,0.0,0.0,0.0,0.0,0.0,0.0,0.0,0.0,0.0,25.0,25.0,25.0,25.0,0.0,0.0,0.0,0.0,0.0,0.0,0.0,0.0,0.0,0.0,0.0,0.0,0.0,25.0,25.0,25.0,25.0,25.0,40.0,40.0,40.0,40.0,40.0,40.0,40.0,40.0,40.0,40.0,40.0,40.0,40.0,40.0,49502249.4,40.0,40.0,40.0,25.0,25.0,25.0,25.0,25.0,25.0,25.0,25.0,25.0,25.0,25.0,25.0,25.0,25.0,50.0,50.0,50.0,50.0
x_O21_M_3,0.0,0.0,0.0,0.0,0.0,0.0,0.0,0.0,0.0,0.0,0.0,0.0,0.0,0.0,0.0,25.0,25.0,25.0,0.0,0.0,0.0,0.0,0.0,0.0,0.0,0.0,0.0,0.0,0.0,0.0,0.0,0.0,25.0,25.0,25.0,25.0,40.0,40.0,40.0,40.0,40.0,40.0,40.0,40.0,40.0,40.0,40.0,40.0,40.0,40.0,40.0,49601799.6,40.0,40.0,25.0,25.0,25.0,25.0,25.0,25.0,25.0,25.0,25.0,25.0,25.0,25.0,25.0,25.0,25.0,50.0,50.0,50.0
x_O21_M_4,0.0,0.0,0.0,0.0,0.0,0.0,0.0,0.0,0.0,0.0,0.0,0.0,0.0,0.0,0.0,0.0,25.0,25.0,0.0,0.0,0.0,0.0,0.0,0.0,0.0,0.0,0.0,0.0,0.0,0.0,0.0,0.0,0.0,25.0,25.0,25.0,40.0,40.0,40.0,40.0,40.0,40.0,40.0,40.0,40.0,40.0,40.0,40.0,40.0,40.0,40.0,40.0,49701449.8,40.0,25.0,25.0,25.0,25.0,25.0,25.0,25.0,25.0,25.0,25.0,25.0,25.0,25.0,25.0,25.0,25.0,50.0,50.0
x_O21_M_5,0.0,0.0,0.0,0.0,0.0,0.0,0.0,0.0,0.0,0.0,0.0,0.0,0.0,0.0,0.0,0.0,0.0,25.0,0.0,0.0,0.0,0.0,0.0,0.0,0.0,0.0,0.0,0.0,0.0,0.0,0.0,0.0,0.0,0.0,25.0,25.0,40.0,40.0,40.0,40.0,40.0,40.0,40.0,40.0,40.0,40.0,40.0,40.0,40.0,40.0,40.0,40.0,40.0,49801200.0,25.0,25.0,25.0,25.0,25.0,25.0,25.0,25.0,25.0,25.0,25.0,25.0,25.0,25.0,25.0,25.0,25.0,50.0
x_O22_H_0,25.0,25.0,0.0,0.0,0.0,0.0,0.0,0.0,0.0,0.0,0.0,0.0,0.0,0.0,0.0,0.0,0.0,0.0,25.0,25.0,0.0,0.0,0.0,0.0,0.0,0.0,0.0,0.0,0.0,0.0,0.0,0.0,0.0,0.0,0.0,0.0,50.0,50.0,25.0,25.0,25.0,25.0,25.0,25.0,25.0,25.0,25.0,25.0,25.0,25.0,25.0,25.0,25.0,25.0,-28.7,40.0,40.0,40.0,40.0,40.0,40.0,40.0,40.0,40.0,40.0,40.0,40.0,40.0,40.0,40.0,40.0,40.0
x_O22_H_1,25.0,25.0,25.0,0.0,0.0,0.0,0.0,0.0,0.0,0.0,0.0,0.0,0.0,0.0,0.0,0.0,0.0,0.0,25.0,25.0,25.0,0.0,0.0,0.0,0.0,0.0,0.0,0.0,0.0,0.0,0.0,0.0,0.0,0.0,0.0,0.0,0.0,50.0,50.0,25.0,25.0,25.0,25.0,25.0,25.0,25.0,25.0,25.0,25.0,25.0,25.0,25.0,25.0,25.0,40.0,-28.5,40.0,40.0,40.0,40.0,40.0,40.0,40.0,40.0,40.0,40.0,40.0,40.0,40.0,40.0,40.0,40.0
x_O22_H_2,0.0,25.0,25.0,25.0,0.0,0.0,0.0,0.0,0.0,0.0,0.0,0.0,0.0,0.0,0.0,0.0,0.0,0.0,0.0,25.0,25.0,25.0,0.0,0.0,0.0,0.0,0.0,0.0,0.0,0.0,0.0,0.0,0.0,0.0,0.0,0.0,0.0,0.0,50.0,50.0,25.0,25.0,0.0,25.0,25.0,25.0,25.0,25.0,25.0,25.0,25.0,25.0,25.0,25.0,40.0,40.0,-28.3,40.0,40.0,40.0,40.0,40.0,40.0,40.0,40.0,40.0,40.0,40.0,40.0,40.0,40.0,40.0
x_O22_H_3,0.0,0.0,25.0,25.0,25.0,0.0,0.0,0.0,0.0,0.0,0.0,0.0,0.0,0.0,0.0,0.0,0.0,0.0,0.0,0.0,25.0,25.0,25.0,0.0,0.0,0.0,0.0,0.0,0.0,0.0,0.0,0.0,0.0,0.0,0.0,0.0,0.0,0.0,0.0,50.0,50.0,25.0,0.0,0.0,25.0,25.0,25.0,25.0,25.0,25.0,25.0,25.0,25.0,25.0,40.0,40.0,40.0,-28.1,40.0,40.0,40.0,40.0,40.0,40.0,40.0,40.0,40.0,40.0,40.0,40.0,40.0,40.0
x_O22_H_4,0.0,0.0,0.0,25.0,25.0,25.0,0.0,0.0,0.0,0.0,0.0,0.0,0.0,0.0,0.0,0.0,0.0,0.0,0.0,0.0,0.0,25.0,25.0,25.0,0.0,0.0,0.0,0.0,0.0,0.0,0.0,0.0,0.0,0.0,0.0,0.0,0.0,0.0,0.0,0.0,50.0,50.0,0.0,0.0,0.0,25.0,25.0,25.0,25.0,25.0,25.0,25.0,25.0,25.0,40.0,40.0,40.0,40.0,-27.9,40.0,40.0,40.0,40.0,40.0,40.0,40.0,40.0,40.0,40.0,40.0,40.0,40.0
x_O22_H_5,0.0,0.0,0.0,0.0,25.0,25.0,0.0,0.0,0.0,0.0,0.0,0.0,0.0,0.0,0.0,0.0,0.0,0.0,0.0,0.0,0.0,0.0,25.0,25.0,0.0,0.0,0.0,0.0,0.0,0.0,0.0,0.0,0.0,0.0,0.0,0.0,0.0,0.0,0.0,0.0,0.0,50.0,0.0,0.0,0.0,0.0,25.0,25.0,25.0,25.0,25.0,25.0,25.0,25.0,40.0,40.0,40.0,40.0,40.0,22.3,40.0,40.0,40.0,40.0,40.0,40.0,40.0,40.0,40.0,40.0,40.0,40.0
x_O22_R_0,0.0,0.0,0.0,0.0,0.0,0.0,30.0,30.0,30.0,30.0,30.0,30.0,0.0,0.0,0.0,0.0,0.0,0.0,0.0,0.0,0.0,0.0,0.0,0.0,30.0,30.0,30.0,30.0,30.0,30.0,0.0,0.0,0.0,0.0,0.0,0.0,25.0,25.0,25.0,25.0,25.0,25.0,55.0,55.0,55.0,55.0,55.0,55.0,25.0,25.0,25.0,25.0,25.0,25.0,40.0,40.0,40.0,40.0,40.0,40.0,49303444.0,45.0,45.0,45.0,45.0,45.0,40.0,40.0,40.0,40.0,40.0,40.0
x_O22_R_1,0.0,0.0,0.0,0.0,0.0,0.0,30.0,30.0,30.0,30.0,30.0,30.0,0.0,0.0,0.0,0.0,0.0,0.0,0.0,0.0,0.0,0.0,0.0,0.0,30.0,30.0,30.0,30.0,30.0,30.0,0.0,0.0,0.0,0.0,0.0,0.0,0.0,25.0,25.0,25.0,25.0,25.0,55.0,55.0,55.0,55.0,55.0,55.0,25.0,25.0,25.0,25.0,25.0,25.0,40.0,40.0,40.0,40.0,40.0,40.0,45.0,49402794.2,45.0,45.0,45.0,45.0,40.0,40.0,40.0,40.0,40.0,40.0
x_O22_R_2,0.0,0.0,0.0,0.0,0.0,0.0,5.0,30.0,30.0,30.0,30.0,30.0,0.0,0.0,0.0,0.0,0.0,0.0,0.0,0.0,0.0,0.0,0.0,0.0,30.0,30.0,30.0,30.0,30.0,30.0,0.0,0.0,0.0,0.0,0.0,0.0,0.0,0.0,25.0,25.0,25.0,25.0,5.0,55.0,55.0,55.0,55.0,55.0,25.0,25.0,25.0,25.0,25.0,25.0,40.0,40.0,40.0,40.0,40.0,40.0,45.0,45.0,49502244.4,45.0,45.0,45.0,40.0,40.0,40.0,40.0,40.0,40.0
x_O22_R_3,0.0,0.0,0.0,0.0,0.0,0.0,5.0,5.0,30.0,30.0,30.0,30.0,0.0,0.0,0.0,0.0,0.0,0.0,0.0,0.0,0.0,0.0,0.0,0.0,30.0,30.0,30.0,30.0,30.0,30.0,0.0,0.0,0.0,0.0,0.0,0.0,0.0,0.0,0.0,25.0,25.0,25.0,5.0,5.0,55.0,55.0,55.0,55.0,25.0,25.0,25.0,25.0,25.0,25.0,40.0,40.0,40.0,40.0,40.0,40.0,45.0,45.0,45.0,49601794.6,45.0,45.0,40.0,40.0,40.0,40.0,40.0,40.0
x_O22_R_4,0.0,0.0,0.0,0.0,0.0,0.0,5.0,5.0,5.0,30.0,30.0,30.0,0.0,0.0,0.0,0.0,0.0,0.0,0.0,0.0,0.0,0.0,0.0,0.0,30.0,30.0,30.0,30.0,30.0,30.0,0.0,0.0,0.0,0.0,0.0,0.0,0.0,0.0,0.0,0.0,25.0,25.0,5.0,5.0,5.0,55.0,55.0,55.0,25.0,25.0,25.0,25.0,25.0,25.0,40.0,40.0,40.0,40.0,40.0,40.0,45.0,45.0,45.0,45.0,49701444.8,45.0,40.0,40.0,40.0,40.0,40.0,40.0
x_O22_R_5,0.0,0.0,0.0,0.0,0.0,0.0,5.0,5.0,5.0,5.0,30.0,30.0,0.0,0.0,0.0,0.0,0.0,0.0,0.0,0.0,0.0,0.0,0.0,0.0,30.0,30.0,30.0,30.0,30.0,30.0,0.0,0.0,0.0,0.0,0.0,0.0,0.0,0.0,0.0,0.0,0.0,25.0,5.0,5.0,5.0,5.0,55.0,55.0,25.0,25.0,25.0,25.0,25.0,25.0,40.0,40.0,40.0,40.0,40.0,40.0,45.0,45.0,45.0,45.0,45.0,49801195.0,40.0,40.0,40.0,40.0,40.0,40.0
x_O22_M_0,0.0,0.0,0.0,0.0,0.0,0.0,0.0,0.0,0.0,0.0,0.0,0.0,25.0,0.0,0.0,0.0,0.0,0.0,0.0,0.0,0.0,0.0,0.0,0.0,0.0,0.0,0.0,0.0,0.0,0.0,25.0,0.0,0.0,0.0,0.0,0.0,25.0,25.0,25.0,25.0,25.0,25.0,25.0,25.0,25.0,25.0,25.0,25.0,50.0,25.0,25.0,25.0,25.0,25.0,40.0,40.0,40.0,40.0,40.0,40.0,40.0,40.0,40.0,40.0,40.0,40.0,-37.0,40.0,40.0,40.0,40.0,40.0
x_O22_M_1,0.0,0.0,0.0,0.0,0.0,0.0,0.0,0.0,0.0,0.0,0.0,0.0,0.0,25.0,0.0,0.0,0.0,0.0,0.0,0.0,0.0,0.0,0.0,0.0,0.0,0.0,0.0,0.0,0.0,0.0,25.0,25.0,0.0,0.0,0.0,0.0,0.0,25.0,25.0,25.0,25.0,25.0,25.0,25.0,25.0,25.0,25.0,25.0,50.0,50.0,25.0,25.0,25.0,25.0,40.0,40.0,40.0,40.0,40.0,40.0,40.0,40.0,40.0,40.0,40.0,40.0,40.0,-36.8,40.0,40.0,40.0,40.0
x_O22_M_2,0.0,0.0,0.0,0.0,0.0,0.0,0.0,0.0,0.0,0.0,0.0,0.0,0.0,0.0,25.0,0.0,0.0,0.0,0.0,0.0,0.0,0.0,0.0,0.0,0.0,0.0,0.0,0.0,0.0,0.0,0.0,25.0,25.0,0.0,0.0,0.0,0.0,0.0,25.0,25.0,25.0,25.0,0.0,25.0,25.0,25.0,25.0,25.0,50.0,50.0,50.0,25.0,25.0,25.0,40.0,40.0,40.0,40.0,40.0,40.0,40.0,40.0,40.0,40.0,40.0,40.0,40.0,40.0,-36.6,40.0,40.0,40.0
x_O22_M_3,0.0,0.0,0.0,0.0,0.0,0.0,0.0,0.0,0.0,0.0,0.0,0.0,0.0,0.0,0.0,25.0,0.0,0.0,0.0,0.0,0.0,0.0,0.0,0.0,0.0,0.0,0.0,0.0,0.0,0.0,0.0,0.0,25.0,25.0,0.0,0.0,0.0,0.0,0.0,25.0,25.0,25.0,0.0,0.0,25.0,25.0,25.0,25.0,50.0,50.0,50.0,50.0,25.0,25.0,40.0,40.0,40.0,40.0,40.0,40.0,40.0,40.0,40.0,40.0,40.0,40.0,40.0,40.0,40.0,-36.4,40.0,40.0
x_O22_M_4,0.0,0.0,0.0,0.0,0.0,0.0,0.0,0.0,0.0,0.0,0.0,0.0,0.0,0.0,0.0,0.0,25.0,0.0,0.0,0.0,0.0,0.0,0.0,0.0,0.0,0.0,0.0,0.0,0.0,0.0,0.0,0.0,0.0,25.0,25.0,0.0,0.0,0.0,0.0,0.0,25.0,25.0,0.0,0.0,0.0,25.0,25.0,25.0,50.0,50.0,50.0,50.0,50.0,25.0,40.0,40.0,40.0,40.0,40.0,40.0,40.0,40.0,40.0,40.0,40.0,40.0,40.0,40.0,40.0,40.0,-36.2,40.0
x_O22_M_5,0.0,0.0,0.0,0.0,0.0,0.0,0.0,0.0,0.0,0.0,0.0,0.0,0.0,0.0,0.0,0.0,0.0,25.0,0.0,0.0,0.0,0.0,0.0,0.0,0.0,0.0,0.0,0.0,0.0,0.0,0.0,0.0,0.0,0.0,25.0,25.0,0.0,0.0,0.0,0.0,0.0,25.0,0.0,0.0,0.0,0.0,25.0,25.0,50.0,50.0,50.0,50.0,50.0,50.0,40.0,40.0,40.0,40.0,40.0,40.0,40.0,40.0,40.0,40.0,40.0,40.0,40.0,40.0,40.0,40.0,40.0,-36.0
